HHNR,gesl,f40120,f81300,A_X,A_Y,alter,f81400,noga_08,sprache,f40800_01,f41100_01,nation,f40920,WP,f41000a,f41000b,f41000c,A_BFS,f42100e,f41600_01a,f41600_01b,f41600_01c,f41001a,f41001b,f41001c,f20400a
0,1,2,3,2687131,1191563,33,0,61,1,5,1,4,100.0,6,22,3,12,4,3,2,2,2,22,1,32,3
1,2,6,3,2626703,1191840,81,0,51,1,4,3,4,100.0,2,13,11,22,3,3,2,2,1,32,11,22,0
2,2,1,1,2622211,1247530,47,5,3,4,5,2,2,100.0,7,12,32,1,5,3,1,1,2,3,2,12,8
3,2,5,3,2647400,1150134,19,0,6,3,1,1,6,100.0,6,1,2,12,8,1,2,2,2,32,3,22,5
4,2,8,3,2690642,1160496,30,0,56,3,4,3,8,100.0,2,2,32,11,9,2,2,2,2,13,32,3,2
5,1,3,3,2679945,1170488,62,0,41,2,4,2,5,100.0,5,13,1,22,3,1,1,2,2,1,1,1,3
6,2,9,2,2680679,1226821,51,95,7,4,3,1,9,100.0,2,13,11,13,4,2,1,2,1,3,2,3,4
7,2,5,1,2607043,1244901,22,49,62,2,5,1,7,100.0,0,22,2,12,2,3,1,2,2,3,1,13,6
8,2,3,2,2633238,1158851,70,50,13,1,1,2,5,100.0,4,11,22,32,8,2,1,1,2,22,1,22,1
9,2,9,1,2672386,1192619,69,34,4,4,2,2,7,100.0,3,12,1,22,5,2,2,1,2,32,12,11,9
10,2,2,3,2622948,1190413,53,0,10,3,1,3,5,100.0,8,1,3,12,4,2,1,1,2,12,22,22,7
11,1,2,3,2641367,1240611,34,0,85,3,5,3,5,100.0,6,13,11,32,9,2,2,2,2,11,12,2,9
12,2,4,3,2660329,1202929,15,0,6,2,-99,1,8,100.0,1,1,22,32,4,2,2,1,2,3,13,12,8
13,2,8,3,2630754,1207688,84,0,49,3,3,3,3,100.0,4,22,12,1,9,3,2,1,1,22,11,13,6
14,1,2,2,2655845,1168470,32,87,88,1,4,1,5,100.0,5,12,1,22,4,2,2,2,1,1,22,3,6
15,1,5,1,2671187,1228013,30,16,3,4,2,3,2,100.0,3,2,12,11,0,2,2,1,2,3,22,22,7
16,2,7,1,2613178,1246335,45,97,99,3,-99,2,2,100.0,1,22,1,12,1,3,1,2,2,12,11,32,7
17,1,3,2,2697271,1198199,49,63,65,3,4,1,4,100.0,8,1,32,2,2,2,1,1,2,2,2,12,4
18,2,7,3,2672262,1209412,82,0,67,2,1,1,6,100.0,5,11,3,11,1,3,1,1,2,12,13,3,1
19,2,7,1,2665528,1249515,37,71,99,3,2,2,9,100.0,8,1,13,22,2,2,1,1,2,2,3,32,9
20,1,4,1,2686191,1200649,67,19,2,4,4,3,7,100.0,9,2,2,22,1,1,1,1,1,22,12,22,5
21,1,6,2,2670871,1208220,89,20,43,4,2,1,2,100.0,5,11,2,32,9,2,2,2,1,2,32,3,5
22,2,9,1,2650996,1217101,15,45,5,4,5,3,9,100.0,7,13,32,3,0,2,2,2,2,3,12,11,9
23,1,8,2,2633587,1237638,13,5,53,2,2,2,6,100.0,7,2,22,22,0,1,1,2,1,22,13,11,9
24,1,2,2,2603103,1160172,36,30,97,1,4,3,8,100.0,7,2,11,22,6,1,2,1,2,12,11,1,8
25,2,9,1,2668977,1156005,32,23,60,4,1,1,5,100.0,9,3,32,32,2,3,1,2,1,1,3,2,9
26,1,3,2,2695783,1190977,72,92,63,2,4,1,3,100.0,1,11,11,12,2,3,1,2,1,11,32,2,4
27,2,1,3,2667027,1167038,23,0,66,3,4,3,7,100.0,3,13,11,2,2,2,2,1,2,13,13,11,8
28,2,2,1,2624480,1220886,75,72,14,4,3,2,5,100.0,4,22,12,1,0,1,2,1,1,3,12,12,3
29,2,1,3,2671165,1237906,15,0,13,4,-99,3,3,100.0,3,3,3,1,1,2,2,2,2,12,22,32,4
30,2,3,2,2682289,1243106,62,99,68,4,-99,1,4,100.0,7,11,2,2,0,1,2,1,2,3,2,2,9
31,1,8,1,2606482,1162519,72,60,86,3,1,3,8,100.0,2,1,2,22,1,2,1,1,1,13,1,13,2
32,1,2,3,2605171,1217410,37,0,62,1,-99,1,9,100.0,2,13,1,11,8,2,2,1,2,13,1,11,4
33,1,2,2,2643894,1164458,64,55,58,2,5,1,6,100.0,9,12,13,2,1,3,2,1,2,2,13,2,1
34,2,7,2,2683218,1224530,46,26,46,4,3,2,8,100.0,9,3,2,3,9,1,1,1,1,13,2,2,9
35,2,2,2,2629520,1223640,30,43,12,1,2,1,1,100.0,7,3,3,22,9,1,1,1,2,12,2,3,1
36,2,9,1,2667809,1234585,10,82,61,3,5,2,4,100.0,8,1,3,3,9,1,1,1,2,11,11,32,7
37,2,4,3,2675701,1194413,19,0,95,1,5,3,7,100.0,3,3,12,11,2,2,2,1,2,11,22,11,2
38,1,3,2,2658449,1177452,29,31,35,3,4,2,5,100.0,6,1,2,11,7,3,1,1,1,3,32,12,0
39,2,5,2,2618408,1238903,84,65,1,2,1,1,9,100.0,0,2,2,11,2,1,1,2,2,32,3,2,2
40,2,2,1,2620281,1183562,30,84,14,3,3,3,6,100.0,8,1,32,12,0,1,2,2,2,2,12,22,0
41,1,7,1,2693499,1174984,67,69,35,2,-99,3,4,100.0,2,22,22,12,8,2,1,2,1,1,11,32,3
42,2,9,1,2667379,1203244,18,89,87,3,2,2,3,100.0,0,11,11,1,4,2,1,2,2,32,12,22,6
43,2,3,2,2629639,1224512,71,75,4,3,-99,3,5,100.0,6,3,13,1,3,3,1,1,2,12,1,12,2
44,2,2,3,2654055,1230193,76,0,88,3,5,2,7,100.0,5,1,2,3,3,3,1,1,2,13,11,2,5
45,1,2,1,2688845,1152092,33,95,7,1,1,1,2,100.0,5,11,13,22,2,3,2,2,2,13,2,3,8
46,1,3,2,2623187,1188624,55,92,13,1,5,2,1,100.0,7,13,1,22,1,3,2,1,1,22,13,13,2
47,1,2,1,2676257,1226350,70,44,14,4,3,3,0,100.0,0,12,22,12,7,1,1,2,2,3,1,12,3
48,1,2,1,2680840,1167714,39,18,47,4,2,1,0,100.0,3,22,22,22,9,2,1,1,1,11,11,3,8
49,1,3,1,2651648,1232550,21,70,46,2,3,1,5,100.0,1,12,22,2,5,1,2,2,2,2,13,13,1
50,2,8,2,2610005,1175742,78,91,93,3,2,1,6,100.0,4,2,32,32,8,3,1,2,2,12,1,2,1
51,1,2,2,2650084,1196959,11,5,94,2,3,1,6,100.0,3,13,12,13,0,2,1,1,1,12,32,2,9
52,2,6,3,2670460,1179349,11,0,13,3,-99,2,8,100.0,6,1,11,12,3,2,2,2,2,11,32,2,6
53,1,2,3,2635188,1232730,48,0,11,1,1,3,9,100.0,8,32,3,32,4,1,1,2,1,2,32,12,0
54,2,5,1,2637759,1218696,35,97,53,3,3,3,2,100.0,3,12,12,13,5,2,2,2,2,11,11,32,0
55,1,3,2,2644877,1226197,41,81,96,2,2,1,0,100.0,8,22,22,1,6,2,2,1,2,13,2,3,1
56,1,7,2,2698476,1201467,15,62,98,1,2,1,1,100.0,7,3,11,22,2,1,2,2,1,13,12,11,8
57,1,1,2,2659760,1198352,14,84,13,1,3,2,6,100.0,3,2,1,13,5,3,1,2,1,22,2,12,6
58,2,8,2,2607197,1159454,54,73,95,2,4,1,1,100.0,1,3,22,1,4,1,2,1,1,12,1,11,5
59,2,7,1,2612653,1197111,39,21,1,2,-99,3,2,100.0,1,32,13,22,1,2,1,1,1,13,1,32,4
60,2,2,1,2683846,1193270,21,90,51,4,2,2,1,100.0,4,13,32,12,1,3,1,1,2,12,1,22,7
61,1,1,3,2691563,1165055,45,0,88,3,-99,1,8,100.0,0,12,3,32,2,1,2,2,2,1,13,13,0
62,1,1,3,2630647,1233964,45,0,69,1,3,3,0,100.0,5,3,11,1,3,3,2,2,1,13,22,22,8
63,2,6,3,2610687,1199095,13,0,87,2,3,1,2,100.0,1,32,12,3,4,1,1,1,2,11,1,3,7
64,2,6,1,2687690,1233550,48,26,67,4,5,2,4,100.0,3,32,11,32,3,2,1,2,1,13,13,1,0
65,1,6,1,2624011,1165051,79,3,94,2,1,1,1,100.0,5,11,12,2,2,1,2,1,1,3,3,12,6
66,1,7,2,2639292,1207310,61,28,89,4,1,3,5,100.0,9,13,13,2,2,3,1,2,1,2,2,1,3
67,1,3,2,2677406,1208465,57,41,68,4,2,2,0,100.0,2,32,2,13,9,1,2,2,1,22,32,22,8
68,2,7,2,2690633,1211940,26,93,13,3,5,1,6,100.0,0,32,22,13,3,2,2,1,2,12,3,13,8
69,1,2,2,2626886,1213745,15,92,35,1,2,1,0,100.0,4,2,12,32,8,3,2,2,1,22,3,3,0
70,2,9,2,2673022,1210167,87,61,66,2,4,3,1,100.0,9,12,12,22,5,3,1,1,2,12,3,22,5
71,2,5,3,2624444,1185239,70,0,56,2,-99,3,8,100.0,4,1,2,3,1,3,1,2,2,3,1,12,1
72,2,3,2,2632069,1226867,17,20,51,4,1,1,3,100.0,5,2,2,32,2,2,1,2,1,22,22,3,9
73,1,7,2,2662154,1185009,84,6,2,4,4,1,2,100.0,7,3,2,1,8,1,2,1,1,2,2,11,9
74,1,4,1,2627934,1238507,80,71,1,4,5,3,0,100.0,2,3,22,22,2,3,1,2,2,3,13,2,9
75,1,9,2,2619228,1192925,74,67,97,3,2,2,7,100.0,9,12,3,1,4,3,1,1,2,12,3,22,7
76,2,6,2,2690189,1154597,41,3,52,3,3,1,6,100.0,8,2,13,1,3,2,1,2,1,1,32,22,0
77,1,7,1,2667016,1223442,50,28,95,1,4,1,9,100.0,7,11,3,2,5,2,2,1,2,11,11,2,6
78,1,1,3,2655529,1161878,16,0,41,2,-99,3,8,100.0,3,13,11,22,4,2,2,2,1,3,13,3,0
79,1,4,3,2620623,1224226,43,0,12,2,4,1,7,100.0,3,11,11,13,6,2,2,2,2,12,11,13,2
80,2,2,3,2642311,1238926,69,0,50,1,1,3,0,100.0,7,11,2,2,9,2,1,2,2,2,2,11,9
81,1,5,2,2694726,1154846,31,54,41,2,-99,3,9,100.0,5,13,2,22,3,2,2,2,2,32,13,11,7
82,2,7,2,2658898,1158962,10,94,87,2,4,3,5,100.0,7,32,32,32,8,1,1,1,1,22,2,11,8
83,2,9,3,2656287,1225881,12,0,49,4,2,2,8,100.0,6,11,22,1,9,2,1,1,2,13,22,12,8
84,2,2,1,2629077,1226812,49,27,90,4,3,1,1,100.0,8,12,12,2,6,2,2,2,1,32,3,13,8
85,1,8,1,2661217,1232287,87,51,69,1,1,3,2,100.0,4,32,13,22,1,2,1,2,2,13,12,12,2
86,2,7,1,2612298,1189296,67,4,2,1,1,2,9,100.0,7,3,13,13,0,1,1,1,1,1,11,22,1
87,1,2,1,2600505,1171352,51,30,67,1,3,2,0,100.0,7,11,13,12,1,2,2,2,1,3,3,1,5
88,1,5,2,2641995,1223841,78,32,95,4,4,1,1,100.0,3,11,22,12,5,2,2,1,2,11,3,32,0
89,1,4,2,2693362,1183399,37,81,5,4,3,1,6,100.0,8,2,22,3,0,3,2,2,2,12,3,32,6
90,1,8,3,2690101,1213864,19,0,97,2,1,1,1,100.0,2,13,32,12,8,1,2,2,1,22,12,12,4
91,2,5,2,2602226,1203608,82,33,86,2,5,3,5,100.0,0,2,22,12,0,3,1,1,2,3,11,12,1
92,1,4,1,2654967,1186439,61,21,11,2,2,1,8,100.0,1,1,22,3,9,3,1,2,1,32,22,3,9
93,2,5,1,2667837,1175901,86,59,65,1,5,1,8,100.0,4,13,1,13,3,3,1,1,2,2,13,12,1
94,2,8,1,2660364,1166181,48,23,10,1,-99,2,1,100.0,7,22,12,1,2,2,2,1,1,22,2,22,2
95,1,2,1,2622724,1181430,20,62,12,3,4,1,6,100.0,0,12,32,12,4,3,2,1,2,22,11,2,6
96,2,6,2,2654024,1238919,43,72,63,4,2,1,0,100.0,7,2,1,1,4,1,2,1,1,2,3,11,4
97,1,9,1,2608828,1172054,42,43,92,4,5,1,9,100.0,9,12,11,13,4,1,2,1,1,1,2,32,9
98,2,4,1,2656561,1232413,23,55,85,4,5,3,6,100.0,7,2,22,3,4,1,2,1,1,3,3,32,3
99,2,8,3,2685107,1219107,13,0,6,3,4,1,3,100.0,8,13,1,2,1,2,2,1,1,22,3,3,4
100,1,2,2,2621021,1220952,48,53,82,2,4,2,2,100.0,7,13,22,13,8,3,2,1,2,13,3,32,9
101,1,3,3,2632618,1164581,75,0,68,1,2,2,7,100.0,1,11,12,32,8,2,1,1,2,1,22,12,7
102,1,8,1,2647684,1178325,85,79,46,2,5,3,1,100.0,3,32,13,13,2,1,1,1,1,22,12,3,0
103,1,8,2,2659285,1168563,88,37,66,2,1,2,9,100.0,1,12,2,3,9,3,2,2,2,2,11,1,6
104,1,1,1,2618350,1214625,49,33,62,3,-99,2,9,100.0,9,12,22,3,0,2,2,1,1,32,13,3,9
105,1,9,1,2613697,1246878,15,22,92,4,5,3,7,100.0,6,2,22,12,8,2,2,2,1,2,2,32,0
106,2,4,1,2646714,1196153,76,59,55,4,3,2,5,100.0,0,3,32,22,0,2,1,2,2,3,3,3,5
107,2,6,3,2679288,1190882,58,0,47,3,1,2,6,100.0,7,1,1,22,7,1,2,2,1,32,32,11,2
108,2,3,2,2684779,1168566,66,86,1,2,4,2,5,100.0,6,12,12,11,8,1,2,1,1,13,12,1,0
109,2,5,2,2692957,1179733,58,16,12,3,2,1,7,100.0,4,3,12,13,1,3,2,1,2,2,22,32,0
110,1,4,1,2660769,1234348,24,90,1,3,2,1,0,100.0,3,1,12,1,9,2,2,1,2,2,11,3,9
111,2,8,1,2664472,1155302,59,35,3,4,-99,3,8,100.0,1,1,22,3,7,3,2,2,1,13,32,32,9
112,1,2,1,2654337,1157977,60,13,93,4,4,3,8,100.0,9,3,1,11,2,2,2,1,2,12,32,3,6
113,1,8,3,2666316,1241793,64,0,7,2,-99,3,3,100.0,7,22,2,2,8,1,1,1,1,2,22,1,8
114,1,7,1,2696695,1179944,53,67,2,2,5,3,9,100.0,6,3,13,13,5,2,2,1,2,12,11,2,0
115,2,6,3,2649644,1168666,49,0,97,1,1,2,6,100.0,1,11,3,13,0,3,2,2,2,22,11,2,9
116,1,3,3,2646098,1218516,12,0,1,1,-99,2,8,100.0,5,22,22,2,4,1,1,2,1,1,22,2,8
117,1,2,1,2677562,1238825,86,9,6,2,1,2,7,100.0,3,3,13,13,7,2,1,1,2,13,3,1,0
118,1,1,2,2667658,1198624,51,18,90,1,3,1,0,100.0,8,12,13,3,1,1,1,2,2,2,13,2,1
119,1,9,1,2621093,1214432,17,37,66,1,2,2,3,100.0,6,11,3,1,8,1,1,2,2,3,11,1,0
120,1,1,2,2655340,1230352,25,11,51,2,3,3,5,100.0,9,12,12,3,6,1,1,1,2,1,32,12,6
121,1,6,2,2642460,1173475,34,94,84,4,-99,3,8,100.0,1,11,3,32,6,3,2,2,2,1,2,32,8
122,1,9,1,2674122,1227717,74,13,49,1,5,3,5,100.0,2,11,22,3,3,1,2,2,1,22,13,13,1
123,2,5,2,2661184,1219514,85,81,43,1,3,2,8,100.0,1,32,2,11,6,1,2,1,2,12,12,22,1
124,1,8,1,2662353,1188377,24,23,5,1,4,2,7,100.0,8,3,11,32,4,3,2,2,2,12,12,11,7
125,2,3,1,2617469,1191257,68,100,52,4,2,2,9,100.0,2,13,1,11,2,3,2,2,1,11,1,1,3
126,2,8,1,2696995,1176432,78,69,98,1,1,3,7,100.0,2,32,11,11,0,3,1,1,1,32,11,32,0
127,2,1,2,2650019,1193766,67,1,90,2,-99,2,9,100.0,1,32,12,32,3,1,1,2,2,13,32,32,2
128,1,6,2,2648395,1221389,66,53,51,2,-99,3,1,100.0,2,22,32,3,3,1,2,2,1,12,3,32,2
129,1,1,2,2696710,1160174,21,44,84,2,-99,2,8,100.0,1,22,32,13,3,2,1,1,2,1,11,22,8
130,1,7,1,2644175,1172610,54,52,52,4,4,3,3,100.0,2,2,3,13,8,3,1,1,2,3,1,22,3
131,1,5,2,2617416,1233910,35,89,14,3,3,2,3,100.0,1,32,1,1,0,2,2,1,2,2,13,3,5
132,1,1,3,2668951,1244589,86,0,99,3,4,3,2,100.0,0,11,13,32,1,2,1,2,2,22,1,1,3
133,2,5,2,2601383,1152586,12,36,4,4,1,2,0,100.0,6,22,22,3,2,1,2,2,2,12,22,11,6
134,2,6,3,2623430,1156787,74,0,86,4,4,2,2,100.0,8,12,22,22,1,2,2,1,2,22,11,3,6
135,1,9,1,2641178,1217419,14,30,5,1,2,2,1,100.0,5,11,1,1,8,2,2,2,1,11,12,22,5
136,2,1,2,2613941,1150270,56,93,11,3,3,2,3,100.0,7,1,12,11,4,1,2,2,1,1,12,22,4
137,2,5,3,2653544,1182548,51,0,65,2,5,1,3,100.0,0,22,2,12,5,3,1,2,2,3,1,22,6
138,1,2,1,2602357,1192278,82,40,46,3,2,1,3,100.0,4,32,32,32,6,2,2,1,1,1,11,3,6
139,2,7,1,2625941,1182117,70,9,87,3,4,3,0,100.0,0,12,13,3,6,3,1,1,2,1,3,3,4
140,2,5,2,2637889,1194855,49,12,60,1,1,1,7,100.0,9,3,3,11,0,3,2,2,2,12,1,1,1
141,2,2,3,2664725,1206400,70,0,69,2,-99,2,1,100.0,8,12,13,12,4,2,1,2,1,2,13,11,6
142,2,1,3,2624149,1198869,68,0,59,4,2,3,5,100.0,7,32,11,1,3,3,2,1,1,1,32,13,5
143,2,9,1,2656350,1242479,47,97,8,1,5,3,4,100.0,6,22,11,32,1,3,1,1,2,13,1,1,1
144,1,6,2,2686399,1223733,32,74,85,4,1,2,0,100.0,0,2,3,13,4,3,2,1,1,22,2,12,6
145,2,4,3,2666100,1183861,28,0,55,4,5,2,2,100.0,5,2,22,22,3,2,1,2,2,32,2,22,3
146,2,1,3,2601237,1198533,72,0,11,4,5,2,1,100.0,6,2,13,2,0,2,2,2,2,1,13,2,9
147,2,4,2,2641987,1182126,41,96,4,1,1,3,2,100.0,7,1,32,22,1,3,1,2,1,22,22,13,9
148,1,9,2,2682725,1173203,63,49,43,2,4,3,4,100.0,2,1,13,32,9,3,2,1,1,2,22,11,8
149,1,6,3,2615731,1204464,11,0,6,3,-99,1,8,100.0,6,13,3,13,3,3,1,2,1,22,11,12,2
150,1,5,1,2698512,1179473,79,50,11,3,4,1,6,100.0,2,12,32,32,2,2,2,1,1,11,2,3,5
151,1,4,1,2618500,1242817,40,31,85,3,3,3,5,100.0,3,22,13,11,2,1,1,1,2,3,13,3,7
152,1,8,3,2613830,1217386,41,0,4,1,3,3,3,100.0,0,13,3,12,3,3,1,1,1,12,32,3,5
153,2,9,3,2636363,1174151,11,0,91,3,-99,3,9,100.0,0,22,3,12,7,3,1,1,1,3,3,13,0
154,1,7,3,2613796,1152079,77,0,12,1,3,1,8,100.0,3,2,3,11,6,2,1,2,1,32,1,12,9
155,2,9,1,2618140,1226290,53,93,91,3,-99,3,3,100.0,3,12,11,13,8,1,1,2,2,12,13,13,0
156,1,3,2,2699253,1221730,71,81,8,4,5,2,0,100.0,3,11,3,1,6,3,1,2,1,11,3,13,8
157,2,6,2,2653416,1198481,49,39,62,4,3,3,3,100.0,5,22,2,11,1,2,1,1,2,13,3,2,2
158,2,1,2,2691172,1216860,18,35,56,3,1,1,9,100.0,3,22,32,3,7,2,2,1,1,11,3,13,1
159,2,1,3,2654828,1170371,21,0,86,3,1,1,0,100.0,9,1,32,32,1,1,1,2,2,3,13,22,5
160,1,8,3,2635929,1223125,38,0,94,3,1,3,6,100.0,0,32,22,22,4,3,1,2,1,2,2,1,2
161,2,4,1,2672934,1238175,68,40,94,4,1,2,3,100.0,5,13,22,2,8,3,1,1,2,1,12,11,3
162,1,5,3,2611558,1239125,42,0,94,2,4,3,7,100.0,3,13,22,11,0,2,1,2,1,1,32,1,4
163,2,8,2,2692896,1217384,39,39,14,4,1,1,9,100.0,9,11,2,12,8,2,2,1,1,12,13,1,2
164,1,1,2,2676022,1212924,52,21,51,2,5,1,6,100.0,6,2,32,3,1,3,2,2,2,22,32,1,7
165,2,4,2,2655023,1225717,59,48,8,2,5,2,8,100.0,0,12,22,13,0,2,2,2,1,1,12,2,9
166,1,6,3,2682664,1234899,34,0,47,4,-99,3,1,100.0,9,11,3,1,4,2,2,2,1,12,3,2,5
167,2,2,3,2697882,1212237,24,0,53,3,2,2,2,100.0,6,12,13,22,1,2,2,2,1,12,13,2,5
168,1,1,3,2689354,1249433,42,0,90,3,1,3,9,100.0,2,32,1,11,1,2,1,1,2,3,22,22,2
169,1,5,1,2618280,1222672,45,58,68,4,-99,2,9,100.0,2,2,2,32,8,3,1,2,2,2,32,3,0
170,1,4,1,2650686,1157287,42,31,4,1,2,3,8,100.0,0,22,32,2,7,3,2,1,2,32,11,32,0
171,1,4,2,2691254,1247452,11,42,5,1,5,2,9,100.0,9,11,32,2,4,1,2,1,2,32,1,3,6
172,2,6,3,2657229,1208852,12,0,91,4,5,2,3,100.0,4,32,32,12,1,1,2,1,2,3,32,32,0
173,2,6,1,2683430,1182911,83,23,96,2,-99,2,8,100.0,8,12,2,22,8,3,1,1,1,12,2,12,1
174,1,5,3,2686909,1243638,81,0,66,3,4,1,3,100.0,7,11,11,2,3,2,2,1,2,22,12,32,5
175,2,2,2,2670876,1181783,51,87,51,3,5,2,0,100.0,3,32,22,11,5,1,2,2,2,2,3,1,2
176,2,5,3,2603133,1169077,12,0,92,1,1,2,3,100.0,1,13,22,12,1,3,2,1,2,11,32,1,0
177,1,5,2,2652178,1222237,88,55,46,4,5,1,9,100.0,4,11,3,11,7,2,1,2,2,2,12,13,9
178,2,4,3,2644398,1202365,14,0,51,2,3,3,4,100.0,1,12,13,2,5,2,2,1,1,12,32,1,8
179,1,2,2,2671162,1218553,22,63,86,2,1,1,3,100.0,4,22,13,13,4,2,2,2,1,22,13,3,7
180,2,4,2,2673996,1174604,24,2,8,2,3,1,4,100.0,6,2,11,12,8,3,2,2,2,1,32,1,9
181,1,1,2,2624347,1245299,58,18,56,2,5,1,8,100.0,5,22,13,2,0,3,2,2,2,2,1,3,3
182,2,4,3,2692965,1222793,46,0,84,2,1,1,3,100.0,5,1,11,22,0,1,2,2,1,13,32,3,7
183,2,1,3,2666384,1205662,20,0,5,3,4,3,8,100.0,1,2,22,22,6,2,2,1,2,32,13,13,1
184,2,7,3,2653094,1244286,48,0,52,1,5,3,5,100.0,2,32,12,3,8,1,1,2,2,1,2,3,6
185,1,7,3,2652571,1196032,72,0,82,1,2,3,0,100.0,0,12,12,32,3,1,2,1,1,13,32,32,9
186,1,3,1,2637525,1162224,22,91,14,3,1,1,1,100.0,6,13,11,2,3,2,1,2,2,13,32,32,6
187,1,3,1,2660528,1230165,47,3,65,2,2,2,1,100.0,3,12,22,32,3,2,2,1,1,11,2,32,8
188,2,3,1,2699153,1228227,10,17,42,3,5,3,0,100.0,0,12,11,22,4,3,2,1,2,12,11,2,9
189,1,7,2,2662398,1196647,80,20,14,4,1,3,9,100.0,3,12,13,11,3,3,2,1,2,2,3,12,7
190,2,6,2,2679521,1174623,16,18,59,2,2,1,1,100.0,2,3,2,13,1,3,2,2,2,32,2,2,5
191,1,9,1,2672031,1199730,65,31,88,1,3,3,8,100.0,8,2,32,12,9,2,2,1,1,11,1,11,0
192,2,7,3,2607821,1154137,11,0,41,4,1,2,9,100.0,8,2,2,12,8,1,2,1,2,2,22,13,1
193,2,5,1,2608434,1198397,11,58,9,1,5,3,9,100.0,2,2,3,13,7,2,1,2,2,11,11,12,8
194,1,2,3,2627461,1227933,52,0,41,4,1,2,6,100.0,6,22,12,11,2,2,2,2,2,13,22,32,0
195,2,6,3,2617117,1154952,51,0,64,2,3,2,9,100.0,3,3,3,13,4,3,2,1,2,11,1,2,8
196,2,8,2,2636909,1167417,85,90,1,3,-99,3,1,100.0,8,12,1,13,1,3,2,2,2,32,13,12,0
197,1,6,1,2616327,1178466,73,42,2,4,5,1,9,100.0,0,22,11,32,3,3,2,1,1,1,32,22,8
198,2,6,3,2650706,1214465,72,0,8,2,3,1,7,100.0,2,1,2,13,1,1,2,1,1,22,13,11,6
199,1,5,2,2665484,1165119,10,37,52,1,2,1,9,100.0,4,3,11,13,5,3,1,1,1,12,13,13,7
200,2,5,2,2644644,1161964,77,74,64,4,5,2,1,100.0,0,22,22,3,6,3,1,1,2,1,11,1,9
201,1,3,3,2613319,1226905,67,0,88,4,1,3,0,100.0,8,32,3,13,8,3,1,1,1,3,2,3,9
202,1,1,2,2648706,1213004,61,93,46,3,3,1,8,100.0,4,11,1,12,4,3,2,1,1,22,12,12,1
203,2,7,2,2675626,1153025,32,23,42,2,1,1,0,100.0,4,11,13,32,0,3,1,2,1,22,1,32,9
204,1,1,3,2685863,1175227,26,0,59,3,4,2,3,100.0,7,13,2,22,9,2,1,2,1,2,12,2,9
205,1,4,2,2650682,1249138,50,72,12,2,-99,1,1,100.0,5,3,3,3,5,3,2,1,1,22,2,11,7
206,1,2,1,2675771,1236277,43,54,55,2,-99,2,6,100.0,3,2,13,3,6,2,2,2,2,12,1,32,8
207,2,1,3,2630354,1233613,31,0,53,1,5,2,9,100.0,8,2,1,32,1,3,2,1,2,1,22,2,5
208,1,6,1,2674527,1238909,55,2,89,4,1,1,7,100.0,6,12,11,12,5,2,2,2,1,12,22,22,3
209,1,8,2,2668979,1220803,84,50,62,1,3,2,2,100.0,1,32,22,3,0,2,2,2,1,22,12,2,6
210,2,8,1,2647898,1222418,49,57,99,1,2,2,8,100.0,2,3,32,12,4,2,1,1,2,11,3,1,8
211,2,6,3,2634195,1236919,53,0,61,4,3,1,6,100.0,3,11,11,12,2,2,2,1,1,2,13,2,3
212,1,1,2,2687236,1231207,48,67,42,1,1,3,0,100.0,9,22,2,12,6,3,1,2,1,3,32,13,7
213,1,4,1,2624517,1202254,38,61,94,2,-99,1,5,100.0,4,13,12,13,8,1,2,2,2,3,12,3,8
214,1,3,3,2659895,1249161,14,0,2,1,3,3,9,100.0,8,12,2,13,1,1,1,2,2,12,2,22,8
215,1,3,1,2629468,1215337,16,75,42,4,-99,3,9,100.0,8,1,13,11,4,1,1,2,2,11,32,3,7
216,2,3,3,2674557,1233920,87,0,7,4,5,3,6,100.0,7,11,2,1,0,1,2,2,1,13,3,32,1
217,2,2,3,2696345,1232289,24,0,46,3,1,1,2,100.0,0,3,22,22,3,3,1,1,2,3,13,3,8
218,2,2,3,2607101,1223070,21,0,6,4,2,2,0,100.0,3,22,11,3,8,1,2,2,2,1,3,13,7
219,2,9,2,2655824,1246017,50,2,49,2,-99,3,2,100.0,3,32,11,11,4,1,2,1,1,32,2,32,7
220,1,7,1,2674406,1164406,19,88,96,2,1,1,6,100.0,1,11,12,22,0,2,2,2,1,2,13,3,7
221,1,7,3,2626818,1237195,88,0,58,1,3,1,7,100.0,8,2,3,2,9,1,1,2,1,3,3,1,7
222,2,9,1,2661159,1176541,27,95,92,1,1,1,4,100.0,6,12,13,1,4,2,2,1,1,32,1,1,0
223,1,3,1,2634767,1182015,73,28,68,1,3,2,2,100.0,9,2,22,1,5,1,2,1,1,2,13,12,3
224,2,3,2,2645519,1205126,41,28,2,2,5,2,9,100.0,2,11,2,1,5,2,1,2,1,3,3,32,1
225,2,8,2,2657613,1231467,39,13,55,1,-99,1,3,100.0,1,2,12,12,3,3,1,1,2,32,22,1,3
226,2,6,1,2672283,1157806,34,90,64,3,3,2,4,100.0,9,22,22,1,2,1,2,2,2,22,12,11,5
227,2,3,2,2664096,1201508,74,27,86,2,2,3,2,100.0,9,11,3,1,3,3,2,1,2,3,11,13,2
228,1,4,1,2658315,1179831,85,27,58,3,2,2,8,100.0,5,2,2,32,3,2,1,2,1,22,32,2,1
229,2,7,1,2628616,1244017,78,41,92,2,-99,2,1,100.0,1,32,22,12,2,2,2,2,1,3,11,32,5
230,1,3,2,2602570,1204433,87,13,67,2,5,2,6,100.0,1,32,3,13,8,2,1,1,2,3,2,11,8
231,2,1,1,2663672,1207457,87,84,41,4,3,2,5,100.0,2,32,32,3,7,3,1,2,2,1,3,22,1
232,2,2,1,2659716,1191106,50,60,35,2,1,3,4,100.0,3,22,22,32,8,3,1,1,2,13,22,2,8
233,2,7,2,2650062,1224168,19,74,58,3,3,3,1,100.0,7,2,12,32,3,3,1,2,1,1,2,32,1
234,2,5,1,2607561,1212787,73,36,91,2,3,2,9,100.0,6,3,12,32,3,1,2,2,1,13,13,32,7
235,1,6,2,2611234,1214647,46,55,61,3,1,3,0,100.0,5,22,2,13,1,3,1,2,1,11,11,13,7
236,1,9,2,2631510,1212695,68,75,56,4,-99,3,7,100.0,2,13,1,22,6,3,2,2,1,12,22,11,3
237,1,9,3,2614278,1154761,79,0,82,3,4,3,1,100.0,6,32,1,22,0,3,2,2,1,11,22,2,7
238,2,7,2,2608719,1202697,75,96,52,3,4,2,3,100.0,0,11,12,1,0,2,1,1,1,32,13,13,1
239,1,4,2,2635963,1218117,66,64,92,4,-99,3,6,100.0,5,2,32,11,9,3,2,2,2,3,2,2,9
240,1,8,2,2654395,1222722,25,43,42,2,3,1,8,100.0,0,22,22,12,9,1,2,1,1,12,32,32,1
241,1,1,3,2646390,1213684,43,0,62,4,4,1,0,100.0,8,1,12,12,1,2,1,1,1,13,32,2,8
242,1,2,1,2669595,1238714,71,54,5,1,4,2,4,100.0,8,1,22,22,7,1,2,1,2,12,32,3,7
243,1,6,2,2623471,1186695,12,60,1,1,3,1,9,100.0,1,13,3,22,8,2,2,2,2,13,12,2,7
244,2,7,1,2677199,1235096,16,96,97,3,1,2,7,100.0,5,12,13,2,5,1,1,2,1,13,13,32,1
245,1,4,1,2669843,1213950,44,92,62,2,1,2,0,100.0,7,1,13,2,7,2,2,2,2,11,13,32,3
246,1,3,2,2601651,1202756,13,99,6,4,3,1,8,100.0,7,3,11,22,8,1,2,2,2,1,22,13,7
247,1,2,2,2667023,1181664,42,52,84,4,2,2,0,100.0,4,32,2,12,3,2,1,1,1,2,13,32,8
248,1,7,3,2691728,1176865,38,0,41,2,5,3,9,100.0,6,32,12,22,8,1,1,1,1,32,22,32,7
249,1,6,2,2688223,1162327,86,91,51,4,1,1,4,100.0,3,2,3,11,5,3,1,1,1,32,22,2,5
250,1,9,1,2630669,1174285,52,74,84,3,5,2,4,100.0,6,1,13,13,5,3,1,1,1,22,3,32,9
251,1,1,1,2631757,1195993,39,100,91,1,5,3,3,100.0,2,12,13,2,0,2,1,1,2,3,12,22,3
252,1,3,3,2603232,1209458,32,0,5,4,5,2,5,100.0,3,2,12,3,1,3,1,1,1,3,22,1,7
253,2,3,3,2611664,1183438,21,0,86,4,-99,1,6,100.0,2,32,11,1,9,1,1,1,2,32,12,1,5
254,2,4,2,2625258,1183216,21,46,88,4,5,3,0,100.0,7,22,3,32,2,1,1,2,1,22,1,22,6
255,2,2,3,2694964,1197803,83,0,4,2,4,1,9,100.0,1,13,1,32,3,1,1,1,1,12,12,1,6
256,2,4,3,2639431,1221820,41,0,1,1,4,3,8,100.0,5,12,3,13,2,2,2,2,1,13,1,3,3
257,1,9,3,2633925,1207722,12,0,85,3,-99,3,4,100.0,3,2,13,13,0,2,2,1,2,11,11,3,2
258,1,1,1,2603139,1181117,23,24,90,4,3,1,3,100.0,6,32,12,32,1,2,2,2,1,1,12,32,1
259,2,9,1,2634309,1247923,51,38,94,4,4,1,1,100.0,2,3,1,11,4,2,2,1,2,12,2,32,1
260,2,2,3,2641853,1156397,46,0,4,2,1,3,3,100.0,6,32,32,32,7,3,2,2,2,3,32,1,2
261,2,1,3,2650368,1227404,85,0,87,1,-99,3,1,100.0,9,32,3,22,4,1,1,1,1,3,22,12,1
262,2,8,1,2671908,1213939,63,35,13,2,3,1,8,100.0,0,1,12,3,5,3,1,2,1,22,12,1,0
263,1,5,1,2686714,1202911,12,79,59,2,4,2,2,100.0,8,1,12,11,9,3,2,2,1,11,1,3,5
264,2,3,3,2622424,1212615,63,0,53,2,1,2,4,100.0,5,3,3,1,0,3,2,1,1,12,3,1,9
265,1,8,1,2624787,1167902,43,23,51,4,-99,2,7,100.0,5,12,2,11,7,2,1,1,1,2,13,22,0
266,1,9,1,2683807,1206190,34,55,92,4,2,1,7,100.0,2,1,12,1,9,2,1,1,1,3,1,11,0
267,2,9,3,2630930,1239825,12,0,42,3,4,3,1,100.0,0,1,2,32,4,2,2,1,2,12,12,13,4
268,1,4,1,2660450,1232772,78,4,96,1,3,1,1,100.0,0,12,11,13,5,3,2,2,2,32,12,32,9
269,1,4,3,2677640,1198394,17,0,5,1,3,2,2,100.0,9,32,1,3,1,3,1,2,1,11,32,32,6
270,2,5,3,2660926,1248660,73,0,64,4,5,2,0,100.0,2,11,2,11,0,1,1,2,2,3,22,3,9
271,2,2,2,2699843,1186525,87,24,85,2,-99,3,1,100.0,4,22,11,2,5,1,1,1,1,2,2,11,0
272,1,6,3,2622060,1175681,88,0,55,4,1,1,9,100.0,5,13,32,32,7,3,2,2,1,22,12,2,1
273,2,9,1,2661442,1240927,70,93,13,1,-99,1,9,100.0,0,22,1,22,6,3,1,1,1,2,13,13,6
274,1,6,3,2641695,1172539,16,0,93,2,2,2,7,100.0,9,1,11,13,2,1,2,1,1,1,13,32,8
275,2,6,1,2645869,1191441,47,14,64,2,5,1,5,100.0,5,1,3,13,5,1,1,2,2,11,11,11,4
276,2,2,3,2692927,1178612,42,0,7,3,3,2,3,100.0,7,13,2,1,5,3,1,1,1,22,22,32,5
277,1,5,1,2663408,1201445,21,79,68,4,4,1,8,100.0,2,2,32,1,1,2,2,1,2,11,12,1,7
278,1,2,2,2609379,1173927,50,8,52,3,2,3,4,100.0,8,22,1,32,0,3,2,1,1,3,1,3,8
279,1,4,3,2620433,1249004,21,0,35,2,-99,2,1,100.0,3,1,13,3,9,3,1,1,1,3,22,32,1
280,2,5,2,2690499,1165698,31,71,96,2,1,2,1,100.0,2,12,1,1,6,2,1,1,1,22,22,32,4
281,1,4,3,2680089,1235949,60,0,4,1,-99,1,3,100.0,4,13,32,12,8,1,1,2,1,32,3,2,4
282,2,8,2,2651043,1195283,16,5,45,1,-99,3,5,100.0,2,13,32,1,8,1,1,1,2,2,13,3,6
283,1,7,3,2652087,1179492,73,0,56,1,1,3,8,100.0,1,2,1,2,8,3,1,1,2,2,1,22,4
284,1,1,3,2696622,1176715,42,0,43,2,5,2,8,100.0,3,2,11,11,1,3,1,2,2,2,2,11,9
285,2,3,1,2618298,1191343,62,45,51,4,5,3,1,100.0,4,11,13,32,3,1,1,1,1,11,12,22,7
286,1,4,1,2685562,1237924,28,48,52,3,5,3,8,100.0,8,11,32,3,6,3,2,2,1,32,11,13,3
287,2,2,3,2642892,1160385,78,0,58,1,3,1,8,100.0,2,3,2,1,8,3,2,2,2,3,2,3,2
288,2,6,2,2634377,1223827,80,73,12,2,4,3,0,100.0,8,11,1,12,5,2,1,2,1,11,2,32,0
289,1,2,3,2658059,1241818,44,0,94,2,-99,3,8,100.0,5,13,12,32,6,2,1,1,1,11,3,3,7
290,2,2,2,2612185,1153167,41,86,11,3,5,2,8,100.0,2,3,11,2,2,3,1,2,1,12,3,11,6
291,1,7,2,2654859,1222926,10,27,92,3,4,1,7,100.0,0,22,3,13,3,3,1,1,2,1,13,13,3
292,1,1,3,2628531,1157837,54,0,64,2,1,3,2,100.0,4,12,13,11,8,1,2,1,1,2,12,13,5
293,1,8,2,2676007,1188398,32,5,14,4,4,3,3,100.0,5,22,13,2,8,1,1,1,1,22,13,3,0
294,1,5,3,2600635,1193893,52,0,67,2,4,2,2,100.0,8,3,1,13,2,1,2,1,2,11,32,11,7
295,1,1,2,2688674,1215154,28,60,45,3,2,2,9,100.0,7,3,11,11,7,3,2,1,1,1,3,13,6
296,2,3,1,2618186,1195030,44,59,66,3,2,1,3,100.0,3,3,3,12,1,3,2,1,1,3,22,22,1
297,2,6,3,2618080,1221248,61,0,35,4,5,2,0,100.0,1,2,11,3,1,2,2,1,1,1,12,22,8
298,1,5,1,2687553,1237652,62,81,97,1,5,2,3,100.0,4,1,3,22,3,1,2,1,1,12,1,12,5
299,2,5,1,2623212,1237626,13,38,67,1,1,1,9,100.0,9,3,22,22,4,2,2,2,2,11,1,12,7
300,2,9,3,2677148,1179355,19,0,8,3,3,3,0,100.0,1,11,13,2,4,1,1,2,1,22,13,1,0
301,1,9,2,2602381,1213813,41,10,95,1,3,3,6,100.0,0,32,32,12,6,3,1,1,2,2,11,3,0
302,1,7,3,2625770,1223029,13,0,35,1,1,1,7,100.0,8,1,11,22,8,2,2,1,1,12,32,2,0
303,2,9,1,2691884,1205749,43,30,56,3,3,1,1,100.0,8,12,11,1,3,2,1,2,2,3,11,32,7
304,2,4,2,2662903,1168675,40,58,10,2,-99,2,4,100.0,6,13,3,12,2,2,2,1,1,13,12,12,6
305,1,5,3,2635310,1235071,85,0,64,4,2,2,3,100.0,2,13,12,1,5,1,2,1,2,1,22,32,2
306,2,9,3,2623709,1174841,58,0,58,4,2,1,3,100.0,7,13,2,12,0,1,1,2,1,1,32,11,0
307,2,6,1,2601131,1249872,49,50,90,1,5,3,9,100.0,0,1,32,1,2,2,1,2,1,22,1,12,9
308,1,3,3,2601679,1193039,72,0,52,4,3,1,4,100.0,1,11,3,12,9,2,2,2,1,32,2,32,6
309,1,5,2,2658812,1207044,43,30,62,1,3,3,9,100.0,6,2,3,13,2,3,1,2,1,2,11,3,5
310,1,6,1,2654533,1224159,43,64,55,1,4,1,8,100.0,9,3,32,11,0,1,1,1,2,1,12,22,1
311,2,8,1,2627567,1217397,43,67,88,1,2,3,4,100.0,7,2,32,32,4,1,1,2,2,1,32,1,4
312,2,4,2,2678342,1154982,41,53,49,1,3,3,5,100.0,8,11,32,11,3,3,2,1,2,11,32,13,0
313,1,1,2,2642765,1207679,15,83,91,3,4,2,8,100.0,7,32,22,2,1,1,2,1,1,22,2,12,0
314,1,2,2,2648479,1236566,28,85,93,2,3,2,1,100.0,4,32,11,22,8,2,1,2,1,13,13,3,9
315,1,2,3,2640430,1150981,37,0,53,1,2,1,2,100.0,5,12,1,2,1,3,2,2,1,2,11,1,2
316,2,9,2,2663967,1227025,21,46,87,2,-99,2,0,100.0,8,12,11,11,2,2,1,1,2,32,32,22,6
317,1,7,2,2683250,1155644,77,81,10,4,2,2,1,100.0,0,32,3,1,6,2,1,2,1,3,1,13,4
318,2,7,1,2606139,1189810,58,64,47,3,4,3,7,100.0,5,12,1,12,2,1,2,2,1,11,1,1,2
319,1,7,2,2698311,1236093,40,86,89,3,-99,2,6,100.0,6,11,2,12,9,3,2,1,1,2,12,22,7
320,1,9,2,2699605,1242695,65,98,10,3,-99,1,0,100.0,6,3,11,11,7,1,1,2,2,1,3,11,5
321,1,1,2,2693625,1246533,15,50,9,3,2,3,0,100.0,4,13,22,13,3,3,2,1,2,3,2,22,8
322,1,6,2,2682598,1179758,52,97,84,1,1,1,9,100.0,9,2,13,2,6,2,2,2,2,13,22,32,1
323,2,1,1,2615387,1222926,58,15,7,4,4,3,1,100.0,9,12,11,11,2,3,1,1,2,22,1,11,3
324,1,4,3,2697262,1189776,82,0,56,1,1,1,6,100.0,6,12,2,32,1,2,2,1,2,2,22,3,4
325,2,8,3,2652541,1237571,20,0,58,3,-99,2,5,100.0,9,3,11,1,6,3,1,2,1,13,11,1,2
326,2,1,3,2686069,1184252,79,0,96,4,5,1,2,100.0,6,22,12,22,0,3,1,1,2,13,3,12,1
327,2,1,1,2699784,1221316,59,2,11,4,2,2,0,100.0,0,13,12,13,8,1,2,1,2,32,32,22,6
328,2,3,2,2645181,1236605,44,49,52,3,5,2,2,100.0,1,12,2,3,7,3,1,2,2,1,2,22,4
329,2,8,1,2669072,1185030,77,82,69,2,1,3,7,100.0,7,1,32,1,3,1,1,1,2,3,12,22,2
330,1,2,2,2601833,1234589,15,63,67,4,1,3,2,100.0,5,3,2,2,1,1,1,1,1,32,22,32,9
331,2,4,3,2688952,1229527,18,0,14,1,4,2,3,100.0,3,12,11,22,1,1,1,1,2,1,3,3,3
332,2,8,3,2632290,1219386,22,0,6,2,2,3,3,100.0,3,12,3,32,3,3,2,1,2,11,12,11,8
333,2,5,1,2666987,1216898,24,45,6,1,-99,1,5,100.0,1,22,2,11,5,3,1,1,2,13,3,12,8
334,2,7,2,2690872,1224266,47,40,8,3,2,3,0,100.0,8,13,32,11,0,3,2,1,2,22,32,11,0
335,1,9,2,2671591,1243925,61,57,66,2,2,1,1,100.0,8,22,22,3,9,2,1,1,2,22,11,11,1
336,1,2,3,2646014,1246649,35,0,43,3,2,1,0,100.0,6,22,11,32,8,1,2,2,1,22,2,11,2
337,2,3,1,2600248,1173243,54,98,43,3,-99,2,6,100.0,9,2,22,22,2,2,2,2,2,11,22,32,3
338,1,7,1,2629453,1222697,40,42,47,3,1,1,7,100.0,5,3,3,1,3,3,1,2,1,22,12,22,6
339,1,4,3,2646779,1170630,37,0,46,3,1,3,6,100.0,9,1,3,12,2,3,1,1,1,3,2,1,8
340,1,8,2,2656062,1189128,45,89,13,3,1,2,2,100.0,5,13,12,12,0,1,1,1,1,22,22,22,9
341,2,5,3,2629684,1197950,30,0,45,2,1,2,3,100.0,4,12,11,1,3,2,1,2,1,32,32,2,2
342,2,8,2,2635636,1244272,22,49,35,4,2,3,6,100.0,5,12,11,3,4,2,2,2,2,11,2,3,1
343,2,2,3,2610949,1222101,38,0,82,4,1,2,5,100.0,5,13,13,11,6,1,2,2,2,12,13,13,5
344,2,5,2,2612243,1240150,56,46,12,4,3,1,7,100.0,3,22,2,11,5,1,1,1,2,1,22,13,0
345,2,7,3,2630765,1218897,36,0,41,1,-99,2,9,100.0,1,2,32,13,4,1,1,2,2,32,1,11,9
346,2,8,1,2624252,1223341,49,95,42,3,2,3,6,100.0,2,22,22,1,7,2,2,2,2,2,32,1,7
347,2,6,1,2649537,1224306,45,76,8,2,5,2,9,100.0,7,2,1,1,2,2,2,1,2,1,3,1,3
348,1,2,2,2691437,1242952,44,81,55,3,-99,3,7,100.0,1,1,3,13,4,3,2,2,2,2,22,11,0
349,1,8,2,2647417,1150038,77,93,95,2,4,1,1,100.0,9,22,32,12,3,1,1,2,2,3,12,1,7
350,2,7,3,2651523,1239110,37,0,13,3,-99,2,9,100.0,2,13,22,2,4,3,1,2,2,32,11,1,0
351,1,1,1,2607658,1205730,20,51,2,1,5,2,7,100.0,3,3,13,1,5,2,1,1,2,11,32,1,3
352,2,8,2,2676641,1200120,22,60,84,2,1,2,9,100.0,1,11,11,3,6,3,1,2,2,2,1,2,2
353,2,7,2,2684709,1159513,16,43,47,1,3,3,0,100.0,2,2,22,13,8,2,1,1,2,2,11,32,0
354,2,3,1,2697216,1201120,49,75,88,2,5,3,1,100.0,4,13,12,13,9,2,2,1,2,1,2,12,4
355,1,1,3,2690618,1191706,21,0,69,1,1,1,3,100.0,3,1,22,3,6,3,2,1,1,13,11,12,9
356,1,3,2,2689681,1169952,72,16,4,2,3,3,7,100.0,4,2,11,13,1,2,2,2,1,32,12,1,3
357,2,8,1,2609462,1222523,86,2,14,4,2,1,8,100.0,9,13,22,22,7,1,1,2,2,13,12,2,0
358,1,9,3,2665250,1166726,62,0,2,3,3,3,1,100.0,0,1,3,13,6,3,1,1,2,1,2,11,8
359,2,2,2,2650636,1208327,45,28,14,4,-99,2,0,100.0,9,32,13,13,9,1,1,2,1,1,32,32,3
360,2,8,3,2603566,1240239,77,0,64,2,2,3,0,100.0,5,11,32,32,5,2,1,1,2,22,13,2,6
361,2,3,3,2637125,1203300,39,0,87,2,-99,1,7,100.0,6,11,11,3,8,2,2,2,2,22,3,32,0
362,1,7,2,2644130,1247840,84,51,95,4,1,3,6,100.0,6,11,12,1,5,3,2,1,1,3,22,1,9
363,2,3,3,2603075,1221957,80,0,56,3,5,2,6,100.0,4,1,12,11,5,2,1,1,1,1,2,13,8
364,1,6,1,2646111,1236974,38,40,87,3,3,3,1,100.0,6,32,11,32,5,2,1,2,1,3,3,12,0
365,1,9,1,2672728,1241735,10,7,64,4,-99,3,3,100.0,3,22,12,22,5,3,1,1,1,3,22,12,5
366,2,4,2,2670087,1232649,11,67,87,3,3,3,2,100.0,2,2,1,12,0,1,2,2,1,3,13,1,4
367,1,3,3,2699190,1191191,79,0,12,3,-99,2,0,100.0,2,12,3,3,3,3,2,1,2,13,1,13,8
368,2,7,1,2645146,1239219,83,98,7,1,3,1,0,100.0,8,3,12,13,2,3,1,2,1,32,11,1,1
369,2,8,1,2626255,1213031,67,77,42,2,-99,1,7,100.0,1,22,12,11,6,3,2,1,1,1,2,3,8
370,2,2,1,2664795,1162296,53,20,12,2,2,1,5,100.0,5,3,13,1,4,1,2,1,1,12,12,11,2
371,2,9,2,2698011,1182762,36,17,55,3,2,1,2,100.0,8,22,2,32,6,1,2,2,1,11,32,22,3
372,2,3,2,2622162,1156162,10,75,42,3,3,1,1,100.0,9,3,1,22,3,3,2,2,1,3,13,22,3
373,2,5,1,2605267,1198917,25,65,95,4,3,2,2,100.0,6,11,3,32,7,1,1,1,1,22,32,13,0
374,2,8,2,2652784,1239451,23,75,68,4,1,2,9,100.0,5,2,22,3,2,3,2,1,2,32,11,32,0
375,2,3,1,2640525,1241992,26,15,60,3,2,3,1,100.0,5,13,3,3,5,3,2,1,2,3,12,11,1
376,1,2,1,2650321,1245274,38,72,86,3,4,1,0,100.0,2,13,11,1,7,2,2,2,1,12,12,22,7
377,1,4,1,2611270,1183940,11,70,66,2,5,2,7,100.0,2,11,11,13,7,2,2,1,2,32,22,32,6
378,1,4,2,2668597,1217546,84,97,2,3,4,1,5,100.0,6,1,2,3,5,2,2,1,2,3,3,1,3
379,1,5,2,2665218,1227481,76,99,8,1,5,3,5,100.0,4,22,13,3,6,3,1,2,1,1,1,11,5
380,1,4,1,2698250,1219453,37,38,51,2,3,3,3,100.0,4,12,22,13,5,3,2,1,1,12,3,1,3
381,1,1,1,2694581,1188426,67,27,92,4,3,3,4,100.0,1,11,12,2,1,2,1,1,2,2,13,1,1
382,2,4,1,2651725,1205735,77,70,60,1,2,1,8,100.0,5,3,12,3,6,2,1,2,2,13,22,1,8
383,2,3,3,2670319,1174529,15,0,64,1,-99,3,0,100.0,2,32,1,1,4,3,1,1,2,32,3,3,3
384,1,6,2,2668179,1249164,10,84,98,4,1,1,9,100.0,9,1,2,3,7,3,2,1,1,3,22,2,9
385,2,5,1,2695644,1165989,75,38,88,3,5,3,7,100.0,3,1,3,32,8,2,1,2,1,11,32,2,9
386,1,4,3,2683225,1224488,43,0,41,2,1,2,1,100.0,1,13,13,3,2,2,1,2,2,22,22,32,3
387,1,8,1,2635612,1246334,31,60,7,4,-99,1,0,100.0,1,3,2,2,2,1,2,1,1,12,2,13,7
388,2,8,2,2644355,1206702,17,77,63,2,1,2,3,100.0,4,32,13,32,5,1,2,2,1,1,2,13,9
389,1,6,1,2636528,1172304,30,41,69,3,2,1,0,100.0,9,11,1,22,8,1,2,1,2,22,32,3,3
390,2,4,2,2614064,1158675,65,100,65,4,1,1,4,100.0,0,1,2,11,4,2,2,1,1,11,22,3,9
391,2,5,2,2695560,1235574,71,69,12,1,4,1,6,100.0,5,22,1,12,1,2,1,2,2,32,3,32,5
392,1,8,2,2625217,1179617,42,26,53,2,4,2,5,100.0,0,1,11,1,9,1,1,1,1,11,2,2,2
393,1,5,2,2644403,1248593,28,43,62,3,1,1,6,100.0,6,22,22,11,6,1,1,2,1,32,1,11,1
394,2,6,3,2638209,1202365,70,0,12,2,3,2,0,100.0,2,11,3,1,7,2,1,1,2,22,12,1,8
395,2,2,2,2690446,1150024,56,88,42,1,1,1,4,100.0,4,13,22,22,9,2,1,1,1,13,2,12,0
396,1,1,3,2668692,1182416,64,0,51,2,5,1,2,100.0,9,3,32,12,9,1,2,1,2,1,1,11,7
397,2,9,3,2678701,1189533,53,0,59,2,5,2,0,100.0,6,1,22,13,7,3,2,2,2,12,3,13,3
398,1,4,1,2601719,1165154,48,89,9,4,2,3,9,100.0,0,13,2,3,5,2,1,2,2,11,2,11,5
399,2,8,1,2636252,1213491,78,76,65,4,4,1,9,100.0,2,12,2,1,3,1,1,1,1,32,1,22,0
400,1,4,2,2674962,1227583,37,44,3,2,1,3,3,100.0,3,13,13,32,7,3,1,2,2,1,22,3,7
401,2,7,3,2671083,1181990,67,0,82,4,1,3,2,100.0,8,12,12,11,6,3,2,1,2,12,1,11,2
402,1,6,3,2608003,1207106,85,0,90,4,3,2,3,100.0,0,2,3,13,2,1,1,2,2,1,2,11,9
403,1,4,3,2629809,1210680,58,0,7,3,1,3,1,100.0,3,2,1,1,5,3,1,1,1,3,11,13,1
404,2,2,1,2660699,1221731,24,92,82,1,2,3,0,100.0,6,3,1,12,7,3,1,1,1,12,13,2,6
405,2,1,3,2650091,1191892,31,0,56,3,-99,1,0,100.0,8,11,22,2,8,2,1,1,2,2,1,2,7
406,1,2,2,2617796,1232386,43,70,63,4,3,3,2,100.0,2,11,2,32,2,2,1,1,2,13,2,3,6
407,2,2,3,2642180,1249601,42,0,88,4,3,3,6,100.0,3,3,13,32,2,2,1,2,1,32,2,3,3
408,1,6,1,2659736,1182808,36,24,49,2,4,2,3,100.0,5,11,13,22,1,3,2,1,1,11,2,2,2
409,1,7,1,2684236,1173392,45,62,9,1,5,1,5,100.0,6,3,3,1,1,3,2,2,2,3,2,1,4
410,2,4,3,2676073,1240908,69,0,61,2,4,2,6,100.0,4,1,13,13,2,2,1,1,2,11,2,12,8
411,2,3,3,2670822,1165870,57,0,68,3,2,2,2,100.0,6,32,12,2,1,2,2,2,2,2,32,22,1
412,2,2,1,2689664,1214822,57,68,94,1,3,1,2,100.0,9,2,3,2,3,3,2,2,1,3,22,13,3
413,1,5,2,2624499,1212595,85,57,45,1,2,3,0,100.0,1,12,12,22,2,3,2,1,2,2,13,12,8
414,1,2,1,2614877,1197520,59,41,3,1,-99,3,4,100.0,2,2,3,2,5,3,1,2,2,2,13,2,1
415,2,7,2,2669232,1198004,31,94,88,3,-99,1,0,100.0,5,12,11,3,5,2,1,1,2,3,2,12,6
416,2,7,3,2696233,1220365,61,0,92,1,2,1,6,100.0,0,12,13,32,4,1,1,2,2,2,11,12,7
417,1,7,3,2643609,1156371,45,0,67,3,1,1,3,100.0,8,13,13,22,3,2,1,1,2,32,1,11,6
418,1,7,3,2650042,1231422,80,0,55,4,-99,1,0,100.0,8,11,22,3,0,1,1,2,1,22,11,1,1
419,2,4,3,2679121,1170567,38,0,49,3,4,2,4,100.0,2,11,13,32,4,2,1,1,1,2,22,11,1
420,1,4,1,2696215,1155873,53,47,90,3,5,3,4,100.0,1,3,2,1,9,1,2,1,2,3,22,1,7
421,2,1,3,2657321,1221044,88,0,97,1,4,1,4,100.0,3,1,3,2,7,2,1,2,2,22,22,11,2
422,2,3,1,2654328,1200658,88,89,42,1,4,2,0,100.0,6,3,12,22,9,1,1,2,2,13,22,3,4
423,2,3,2,2686762,1159557,11,72,6,2,5,2,4,100.0,8,12,22,1,2,2,1,2,1,12,32,3,1
424,2,4,3,2685489,1191115,38,0,42,1,2,3,2,100.0,8,2,32,12,6,1,2,2,1,1,3,3,6
425,2,1,1,2696876,1187239,79,62,69,1,1,2,1,100.0,6,32,13,12,1,3,2,2,2,13,3,2,0
426,2,6,2,2642378,1171198,33,38,50,2,5,1,4,100.0,2,1,13,11,7,1,2,2,2,2,1,11,2
427,2,7,2,2629370,1202267,88,88,97,2,1,3,9,100.0,8,11,32,13,0,3,1,2,1,13,3,1,0
428,1,6,2,2697119,1222384,26,7,9,1,2,2,0,100.0,8,13,11,12,5,1,2,1,2,32,11,22,8
429,1,8,3,2602063,1229202,47,0,58,1,4,3,7,100.0,1,11,1,12,1,1,1,2,1,32,3,12,5
430,2,2,2,2697888,1227589,49,83,86,4,-99,1,9,100.0,5,1,13,11,8,1,1,1,2,13,32,13,8
431,2,7,2,2674532,1202785,48,96,64,1,5,3,4,100.0,2,2,12,22,2,2,1,1,2,11,3,1,9
432,2,1,2,2629812,1158917,28,96,96,3,3,1,2,100.0,8,1,3,12,7,1,2,2,2,1,1,13,8
433,2,2,1,2664339,1208573,41,29,64,4,-99,2,7,100.0,8,11,32,22,4,1,1,1,1,12,12,2,1
434,2,6,2,2621624,1222184,61,71,35,1,3,1,4,100.0,6,22,22,1,1,3,1,1,2,32,1,3,1
435,2,6,2,2625148,1227267,46,61,12,3,-99,1,2,100.0,2,1,13,1,5,3,1,1,2,32,12,11,4
436,1,5,1,2618299,1152964,82,72,6,4,4,3,2,100.0,4,3,13,12,3,2,2,2,2,12,11,11,1
437,1,6,2,2610685,1164876,66,63,85,1,2,1,4,100.0,1,1,13,2,6,3,2,1,2,32,22,11,5
438,2,4,3,2668995,1190215,34,0,90,1,5,3,2,100.0,1,12,32,1,8,3,2,1,1,13,13,1,5
439,2,1,2,2688325,1178621,12,76,46,3,5,3,0,100.0,9,1,22,32,0,2,1,1,2,1,22,32,8
440,1,7,1,2694207,1170960,63,39,14,3,3,2,7,100.0,8,13,3,3,6,3,1,1,2,1,13,11,0
441,1,7,3,2624994,1212732,82,0,8,1,-99,1,1,100.0,2,13,2,12,6,3,2,1,2,11,3,22,8
442,2,4,3,2681418,1180098,30,0,85,1,2,2,6,100.0,5,2,12,12,7,1,1,2,2,12,11,2,6
443,1,7,1,2605232,1233728,57,16,50,3,5,2,5,100.0,1,11,1,12,6,3,1,2,2,12,13,12,3
444,2,1,3,2615545,1165538,79,0,53,3,3,1,0,100.0,8,2,2,12,5,2,2,1,2,2,12,2,5
445,2,7,2,2667658,1204111,60,75,55,4,5,1,4,100.0,5,13,22,13,8,1,2,1,1,11,13,12,1
446,2,3,2,2641988,1189839,68,42,95,3,2,1,8,100.0,4,13,3,11,0,3,2,1,2,22,3,32,5
447,1,4,3,2649566,1214331,78,0,35,4,1,3,8,100.0,9,13,2,2,8,3,1,2,1,1,13,1,6
448,2,5,1,2676381,1201165,59,63,96,3,-99,1,8,100.0,5,3,32,12,9,1,1,1,1,13,22,2,2
449,1,9,1,2678734,1195494,37,73,96,2,2,3,3,100.0,6,2,2,32,6,2,1,2,2,22,11,22,4
450,1,8,1,2652835,1220479,83,10,9,3,3,2,8,100.0,5,12,1,13,3,1,2,2,1,3,3,3,8
451,2,2,2,2624072,1248863,16,91,47,1,4,3,0,100.0,5,11,2,13,0,2,1,2,2,11,3,3,7
452,1,6,1,2603226,1160711,48,1,98,2,1,1,6,100.0,7,11,12,22,4,2,1,1,2,13,11,32,1
453,2,7,2,2605683,1240007,48,73,55,2,-99,3,2,100.0,1,2,2,2,7,1,1,1,1,3,22,13,5
454,1,7,2,2669356,1233684,11,17,89,2,-99,1,6,100.0,7,22,2,11,3,1,1,2,2,32,13,32,0
455,2,7,3,2627308,1168305,77,0,10,2,1,3,4,100.0,1,2,3,11,4,3,2,1,1,22,13,1,3
456,2,8,2,2628287,1247627,64,58,89,2,1,2,3,100.0,5,22,32,13,4,2,2,1,2,22,1,13,1
457,1,6,2,2693567,1172843,35,35,98,4,2,3,4,100.0,6,3,11,11,5,2,1,1,2,1,3,12,4
458,2,1,3,2678010,1202316,43,0,53,3,5,1,9,100.0,9,1,22,12,7,2,2,1,2,13,3,2,7
459,1,8,3,2671726,1180225,61,0,65,4,5,1,1,100.0,3,13,1,3,3,1,2,1,2,3,12,32,6
460,2,7,2,2624134,1191651,13,1,52,3,3,3,4,100.0,5,11,13,32,3,3,2,1,1,2,3,1,6
461,1,2,1,2627339,1222574,15,81,47,3,5,2,0,100.0,9,1,13,3,4,1,2,2,2,22,12,1,4
462,2,1,1,2605887,1222675,52,61,12,4,4,2,0,100.0,3,3,2,13,3,2,1,2,1,3,32,1,9
463,2,7,1,2650377,1245030,19,21,98,3,2,1,6,100.0,3,12,3,2,0,2,1,2,1,13,13,32,4
464,2,5,1,2690720,1196737,68,57,66,4,2,2,1,100.0,4,13,13,32,1,2,1,2,2,11,13,32,0
465,2,1,2,2693366,1157286,34,19,67,3,-99,1,7,100.0,4,1,1,22,1,3,2,1,2,11,12,32,8
466,1,8,1,2699308,1150511,54,76,68,4,2,3,1,100.0,8,1,3,3,7,1,2,2,2,2,3,3,6
467,2,8,1,2624053,1210508,10,84,4,4,-99,3,2,100.0,8,11,1,32,6,2,2,1,1,3,32,22,1
468,2,6,1,2682222,1245957,89,98,41,2,-99,1,0,100.0,6,32,3,13,6,2,1,2,1,13,11,22,0
469,1,3,2,2657992,1160164,66,96,64,4,1,1,7,100.0,6,12,13,22,7,2,2,2,1,32,32,2,3
470,1,4,1,2667338,1170012,38,8,56,1,1,3,2,100.0,4,11,12,3,2,3,1,1,1,12,3,11,7
471,1,4,3,2698391,1193568,14,0,9,2,4,1,2,100.0,0,3,3,11,4,2,2,2,1,2,12,13,4
472,2,1,2,2661959,1227805,60,10,97,4,4,3,7,100.0,8,32,13,3,1,1,2,1,2,11,1,13,6
473,2,4,1,2666671,1159429,78,36,85,2,1,3,0,100.0,8,11,32,2,0,2,2,2,1,12,11,11,9
474,1,2,2,2606884,1217613,21,29,65,2,1,2,1,100.0,3,32,1,2,0,2,1,1,1,13,32,11,8
475,2,2,3,2625760,1221382,24,0,13,4,3,2,1,100.0,4,3,1,11,0,3,2,1,1,11,32,1,5
476,2,9,3,2676493,1208356,26,0,66,4,-99,2,9,100.0,8,1,11,2,9,3,1,2,1,2,13,3,5
477,2,4,3,2682558,1197860,89,0,95,4,1,2,2,100.0,6,22,3,11,1,1,2,2,2,12,1,13,8
478,2,9,3,2645407,1183762,59,0,98,1,1,2,5,100.0,9,22,13,3,5,2,2,1,1,2,12,3,6
479,1,2,3,2655707,1186076,84,0,59,1,-99,3,8,100.0,4,11,13,3,0,3,1,1,2,13,1,12,2
480,2,7,1,2611400,1233026,14,64,91,3,4,1,1,100.0,9,12,3,3,4,1,2,2,2,11,1,22,6
481,2,7,2,2670034,1218989,62,72,51,4,4,3,1,100.0,9,22,1,11,5,2,1,1,2,2,12,22,3
482,2,9,2,2631046,1207811,55,88,43,3,3,1,8,100.0,8,22,12,13,5,2,1,2,1,32,13,12,7
483,2,4,3,2696546,1217045,16,0,94,1,-99,3,8,100.0,9,11,2,22,1,2,1,1,1,2,22,2,8
484,1,7,3,2697832,1211533,59,0,55,2,3,2,1,100.0,6,3,12,1,9,2,1,1,2,1,1,3,2
485,1,2,1,2668783,1220501,41,94,8,4,3,1,6,100.0,6,1,32,1,8,2,1,1,2,1,13,2,1
486,2,6,2,2620983,1166797,59,7,95,2,4,1,1,100.0,1,2,13,32,6,2,2,2,2,1,1,2,5
487,1,5,2,2663535,1165833,55,16,93,4,5,2,4,100.0,8,1,12,2,5,2,1,2,2,11,2,12,6
488,2,9,2,2669440,1209403,20,35,3,1,-99,3,8,100.0,2,12,13,22,4,1,2,1,2,3,32,11,3
489,1,5,2,2603941,1227978,44,18,82,3,3,2,9,100.0,0,32,32,22,7,2,2,1,1,12,13,2,7
490,2,7,1,2678413,1163145,53,68,93,4,-99,1,0,100.0,6,22,2,2,9,3,1,2,2,2,12,22,1
491,2,4,1,2629512,1214075,23,65,12,3,5,2,0,100.0,7,2,22,2,2,2,1,2,1,3,2,13,3
492,2,5,2,2645603,1157251,44,34,55,2,2,1,5,100.0,1,1,1,22,4,2,1,1,1,12,12,1,3
493,1,6,2,2655044,1247917,38,45,59,2,4,3,2,100.0,5,13,22,2,2,3,1,1,2,3,22,3,8
494,1,2,1,2620205,1248142,27,46,90,1,-99,1,0,100.0,8,13,11,2,7,2,2,2,2,3,2,13,8
495,2,6,1,2616514,1191838,61,49,6,3,4,2,0,100.0,0,22,2,1,6,1,1,2,1,12,3,3,8
496,1,2,3,2639826,1231251,84,0,13,3,5,2,3,100.0,4,1,1,1,4,1,1,1,1,3,11,13,3
497,1,8,2,2686549,1221150,45,43,14,3,1,1,6,100.0,0,12,12,32,8,1,2,1,2,12,22,32,6
498,2,4,1,2665276,1235163,51,58,66,4,5,2,1,100.0,6,32,32,12,4,2,1,2,2,32,11,2,5
499,1,3,3,2687319,1247668,80,0,61,1,5,2,6,100.0,8,12,1,13,3,1,2,1,2,13,32,2,0
500,2,1,1,2611075,1204861,54,1,89,2,2,2,7,100.0,0,3,2,3,7,1,2,1,2,2,11,22,8
501,1,2,2,2638090,1233056,67,55,12,3,-99,3,5,100.0,8,1,11,22,5,1,2,1,2,13,32,32,6
502,1,5,3,2602298,1194692,75,0,14,4,3,2,5,100.0,9,3,12,1,3,1,2,2,1,12,3,12,0
503,1,4,1,2633758,1233314,57,66,9,2,2,1,5,100.0,9,11,13,2,4,3,1,1,1,32,2,13,7
504,2,2,3,2651082,1212745,24,0,42,1,4,1,2,100.0,5,22,3,11,8,2,1,1,2,1,12,11,1
505,2,2,2,2627387,1169245,15,11,86,4,2,3,2,100.0,7,12,1,1,1,2,1,2,2,12,1,3,3
506,2,8,3,2606891,1240400,64,0,90,4,5,1,5,100.0,8,2,11,3,0,3,1,2,2,13,1,11,8
507,2,9,1,2617611,1199508,83,73,51,3,4,1,8,100.0,8,1,1,1,2,3,2,1,1,1,3,3,8
508,1,4,1,2653270,1152087,59,43,49,1,5,1,7,100.0,6,13,32,2,3,1,2,1,1,32,12,32,8
509,2,6,2,2674845,1173137,86,68,95,2,1,3,4,100.0,0,1,11,12,4,1,2,2,2,13,3,22,9
510,2,7,1,2665644,1234791,78,63,90,1,1,1,7,100.0,4,2,22,3,9,2,1,1,2,1,32,22,6
511,1,1,3,2645627,1184949,49,0,41,4,5,2,6,100.0,7,13,22,32,2,1,2,1,2,12,13,22,8
512,1,8,3,2684011,1211697,13,0,93,2,1,1,4,100.0,3,1,3,3,6,1,1,1,1,13,12,12,5
513,2,6,3,2658710,1178925,64,0,87,2,3,1,7,100.0,8,32,22,13,1,2,1,1,1,12,32,11,4
514,2,1,3,2643584,1170030,58,0,66,3,2,2,1,100.0,1,22,11,11,8,3,2,2,2,12,11,32,1
515,1,9,3,2649163,1161197,61,0,69,1,-99,3,1,100.0,6,12,22,12,6,3,2,1,2,3,2,1,2
516,1,4,2,2663925,1228979,16,100,9,1,2,1,0,100.0,5,32,13,12,7,1,2,2,2,22,32,2,7
517,2,5,1,2643810,1151278,57,19,84,3,3,1,4,100.0,2,1,11,12,9,1,1,2,1,1,13,1,1
518,2,2,3,2674272,1219655,60,0,1,1,-99,2,6,100.0,8,32,11,1,2,3,1,1,1,1,11,22,3
519,1,5,3,2610240,1150555,34,0,68,2,3,2,0,100.0,8,12,12,2,8,1,2,2,1,12,13,3,9
520,2,7,3,2608292,1244131,19,0,64,2,4,3,4,100.0,3,32,12,3,7,3,1,2,1,22,22,1,2
521,2,4,3,2636990,1230354,57,0,92,2,5,3,4,100.0,1,3,13,13,2,1,1,1,2,12,3,32,1
522,2,8,1,2602559,1202987,31,59,43,2,-99,1,1,100.0,5,3,3,1,9,3,2,2,1,1,32,12,9
523,1,9,3,2664113,1230316,66,0,68,1,3,1,4,100.0,0,32,11,22,6,3,1,2,2,1,11,2,2
524,2,6,2,2614497,1244716,37,20,47,2,4,2,0,100.0,2,32,22,12,4,1,2,2,2,32,3,1,7
525,1,1,2,2661860,1232919,82,25,1,1,-99,2,3,100.0,9,11,1,22,7,3,1,2,2,3,13,13,0
526,2,6,1,2665042,1212531,56,16,6,4,3,2,5,100.0,9,12,12,32,8,3,2,1,1,32,2,32,6
527,2,9,2,2676536,1192194,10,39,86,2,4,2,6,100.0,6,22,12,22,5,3,2,2,1,32,1,11,5
528,2,6,3,2661110,1223293,40,0,3,1,2,3,4,100.0,2,11,22,1,2,1,1,2,2,13,1,2,5
529,1,2,3,2676437,1235605,24,0,89,3,3,1,3,100.0,9,2,1,12,2,2,2,2,2,32,12,13,0
530,1,6,2,2693805,1177888,62,25,90,1,3,1,5,100.0,0,32,1,32,4,2,2,2,1,12,12,32,4
531,2,4,1,2698732,1186248,70,99,97,4,4,1,7,100.0,2,1,32,11,1,2,2,1,1,22,12,11,2
532,2,2,2,2614633,1199875,18,3,99,4,4,3,6,100.0,5,11,11,3,6,1,2,1,2,12,11,12,4
533,1,6,2,2633601,1213612,34,85,91,2,1,3,9,100.0,7,2,12,2,3,1,2,2,1,3,13,32,1
534,1,8,1,2622317,1187404,77,65,7,2,2,2,0,100.0,6,1,12,1,5,2,1,2,1,3,3,3,5
535,2,5,3,2634413,1174035,66,0,53,4,5,1,3,100.0,5,3,32,13,5,3,2,2,2,3,12,12,8
536,2,2,2,2620302,1162886,59,63,89,2,4,2,0,100.0,9,1,11,2,5,1,1,2,2,1,11,3,8
537,2,7,1,2611595,1202791,33,5,99,4,4,3,9,100.0,0,22,11,11,4,3,2,1,1,13,22,1,7
538,1,5,3,2634473,1174898,71,0,42,4,3,2,7,100.0,8,3,11,32,6,2,2,2,1,2,2,1,9
539,1,7,1,2654664,1155607,87,21,55,2,-99,1,3,100.0,9,2,22,11,8,1,2,1,2,2,22,13,4
540,1,4,3,2653762,1192116,63,0,10,1,-99,3,4,100.0,6,11,11,12,0,1,1,2,2,3,2,22,8
541,2,8,1,2656808,1222600,70,5,84,3,3,2,0,100.0,8,3,11,32,3,2,1,2,2,1,22,12,5
542,1,3,2,2604777,1204243,48,94,42,2,1,2,0,100.0,8,32,12,3,6,1,1,2,2,13,13,3,5
543,2,5,3,2685026,1156803,62,0,2,2,1,1,6,100.0,5,11,3,1,4,3,1,2,2,12,11,2,8
544,2,4,3,2644629,1150393,69,0,7,3,1,1,8,100.0,9,2,13,13,6,2,1,2,2,13,2,2,9
545,1,1,1,2658935,1154704,31,2,90,2,4,1,1,100.0,1,1,22,32,3,1,1,1,2,12,32,11,7
546,1,2,2,2644714,1248499,33,23,94,2,2,2,1,100.0,1,13,11,3,9,3,2,2,2,32,11,32,9
547,1,7,2,2686451,1165198,58,32,93,4,1,1,3,100.0,3,2,22,1,4,1,2,1,2,2,12,32,9
548,1,5,1,2627370,1217332,56,15,59,4,-99,1,9,100.0,8,1,22,1,3,3,2,1,1,22,12,22,4
549,2,3,1,2613599,1220118,20,82,68,2,5,2,9,100.0,1,2,3,13,5,3,1,1,2,11,3,22,8
550,2,6,2,2619631,1246767,39,36,6,4,3,2,1,100.0,1,13,32,32,1,2,1,1,2,12,32,3,6
551,1,9,3,2636815,1177579,53,0,98,1,1,2,6,100.0,0,2,13,12,5,2,1,1,2,22,11,12,5
552,1,5,2,2699463,1151483,76,20,96,4,3,3,3,100.0,0,2,12,11,2,1,2,1,2,2,1,22,7
553,2,3,1,2627197,1167156,67,54,67,2,1,1,1,100.0,5,1,3,13,9,2,2,1,1,2,11,3,1
554,1,3,3,2656508,1207003,43,0,7,4,1,2,3,100.0,1,11,2,22,2,3,2,1,2,32,12,2,4
555,2,1,1,2689971,1180139,61,76,64,1,4,2,2,100.0,5,12,1,11,4,2,1,2,2,3,32,12,3
556,2,9,1,2606641,1226999,41,98,91,3,1,3,8,100.0,7,3,22,1,3,2,1,2,1,11,22,1,2
557,1,6,1,2652602,1197446,60,67,58,1,4,1,7,100.0,5,12,22,12,2,1,1,2,1,3,1,2,8
558,1,6,1,2626562,1187260,68,67,95,3,2,1,8,100.0,9,3,1,1,4,2,1,1,2,22,12,3,6
559,1,9,2,2619130,1167054,57,85,11,4,2,3,9,100.0,1,2,12,1,8,2,1,1,1,11,2,3,4
560,2,7,2,2648183,1207819,35,23,64,4,2,3,8,100.0,5,3,1,1,1,3,2,1,1,2,13,13,2
561,2,4,1,2686772,1170837,17,98,63,3,2,3,8,100.0,6,12,2,2,0,2,2,1,1,32,11,13,6
562,2,5,3,2611342,1173146,10,0,65,1,2,1,7,100.0,2,11,11,2,4,1,1,2,2,1,1,2,3
563,2,4,3,2679429,1171727,78,0,56,2,2,1,1,100.0,6,22,32,22,8,2,2,1,2,3,1,1,4
564,2,7,2,2627035,1225225,17,36,45,1,5,3,9,100.0,0,22,13,32,1,1,2,1,1,3,32,12,2
565,2,3,2,2677335,1224885,22,57,68,2,4,1,0,100.0,0,22,12,22,4,1,1,2,2,1,1,2,7
566,2,1,1,2627216,1163582,87,1,60,1,1,3,3,100.0,5,22,11,1,3,1,2,1,2,12,32,12,9
567,2,6,2,2601019,1246482,12,92,45,1,-99,2,0,100.0,3,12,32,22,4,1,2,2,1,12,13,32,9
568,1,8,1,2674505,1219805,10,93,4,1,4,3,8,100.0,9,2,2,22,8,3,2,1,2,22,3,2,9
569,1,6,3,2625515,1202036,23,0,46,3,4,3,1,100.0,1,11,32,22,7,3,2,2,1,32,2,12,6
570,1,9,3,2670227,1212774,51,0,92,4,4,2,8,100.0,2,13,2,32,2,3,2,2,2,13,1,11,0
571,1,1,1,2648028,1164980,18,7,84,3,-99,1,6,100.0,1,32,11,2,9,1,2,1,1,1,1,2,7
572,1,6,2,2658492,1226664,89,47,89,2,-99,1,3,100.0,4,13,12,32,0,1,1,1,1,12,12,2,9
573,2,2,3,2666642,1191078,35,0,65,1,4,1,0,100.0,7,12,32,11,6,3,1,2,2,32,32,1,0
574,2,3,3,2603043,1205083,28,0,63,4,3,3,3,100.0,6,1,12,32,1,2,2,1,2,2,32,22,4
575,1,8,1,2633022,1198831,11,2,9,1,2,2,0,100.0,5,1,1,13,9,1,1,1,1,3,12,1,6
576,2,4,3,2659045,1176792,19,0,69,1,3,3,3,100.0,3,13,11,2,9,2,2,2,1,11,1,1,0
577,2,5,1,2660379,1230208,40,7,84,4,3,2,5,100.0,3,3,3,12,9,1,1,2,2,13,11,32,1
578,2,8,2,2607960,1191570,43,96,96,4,-99,2,1,100.0,0,13,13,11,7,2,1,1,1,2,1,2,9
579,2,4,3,2680644,1246279,32,0,55,3,4,3,2,100.0,2,13,13,11,3,2,1,2,1,3,22,13,0
580,1,7,3,2627334,1161171,73,0,89,2,-99,2,3,100.0,3,3,22,1,2,3,2,1,2,32,3,22,8
581,1,8,1,2632413,1229633,41,76,42,2,4,3,3,100.0,5,3,11,3,2,2,1,1,1,12,32,32,2
582,1,4,1,2613752,1218999,51,55,1,3,1,1,9,100.0,2,2,2,3,2,3,1,2,1,32,32,13,1
583,2,9,2,2680592,1242465,44,62,88,3,2,3,2,100.0,5,32,3,13,8,2,1,2,2,2,13,1,7
584,2,5,2,2695957,1172595,10,43,53,2,5,3,6,100.0,7,1,12,32,9,2,2,2,1,11,11,22,4
585,2,5,1,2698343,1214193,27,6,41,4,4,3,1,100.0,1,12,32,13,9,3,1,1,2,22,12,11,3
586,2,3,1,2602219,1152977,69,84,61,3,1,1,2,100.0,7,2,22,32,8,2,1,2,1,32,32,12,8
587,2,7,3,2616559,1229355,72,0,85,1,3,1,4,100.0,8,3,2,2,0,3,1,2,2,12,22,1,5
588,1,4,2,2675121,1209742,50,18,69,2,5,1,3,100.0,2,11,1,13,1,3,1,2,1,3,1,13,6
589,2,7,2,2657422,1220401,73,26,3,3,5,3,9,100.0,3,2,3,11,0,3,2,1,2,13,22,3,8
590,1,1,2,2649228,1224906,20,99,55,3,-99,2,0,100.0,0,3,22,11,1,2,1,2,2,1,1,11,7
591,1,9,2,2628403,1159230,16,11,59,4,5,1,0,100.0,7,11,22,3,6,1,2,1,2,12,32,2,3
592,2,4,1,2688776,1159360,34,56,82,1,1,2,3,100.0,7,32,12,11,3,3,2,2,1,2,32,22,2
593,2,5,3,2695555,1222813,16,0,86,3,3,2,8,100.0,1,12,22,11,6,2,1,2,1,22,3,2,7
594,1,6,1,2644321,1183238,88,75,97,3,1,3,4,100.0,4,2,2,3,2,2,2,1,2,22,13,1,6
595,1,2,2,2630831,1232309,35,99,46,1,5,1,0,100.0,4,32,11,13,9,2,1,2,2,13,32,11,4
596,1,6,1,2688495,1188239,28,40,60,1,1,2,5,100.0,6,1,11,3,9,3,1,1,1,3,22,1,6
597,2,1,3,2657794,1227467,21,0,6,3,2,2,8,100.0,0,13,11,1,9,3,1,1,2,11,12,2,4
598,1,1,3,2614823,1203618,24,0,64,3,1,1,7,100.0,2,12,12,32,8,2,2,1,1,11,22,1,4
599,2,8,2,2624296,1176288,43,73,59,4,-99,1,2,100.0,0,3,32,11,9,2,1,2,2,12,32,3,0
600,2,3,3,2648691,1194410,16,0,66,2,1,1,3,100.0,9,3,1,32,6,2,1,2,2,11,11,32,4
601,2,9,3,2631283,1224820,71,0,2,4,4,1,7,100.0,4,1,22,12,1,2,2,1,2,11,1,11,1
602,1,2,1,2632561,1152804,29,96,55,4,4,3,7,100.0,2,13,22,13,1,2,2,2,1,2,1,2,0
603,2,3,2,2618413,1204968,51,86,9,1,1,3,1,100.0,6,11,3,13,3,2,2,1,2,12,2,32,4
604,1,4,1,2610371,1174034,53,8,49,4,4,1,8,100.0,6,13,12,13,6,2,2,1,1,13,11,3,8
605,2,7,1,2673053,1167728,19,1,89,1,2,1,0,100.0,5,32,22,12,9,3,1,1,2,22,32,12,0
606,1,3,2,2643463,1172176,75,47,52,4,4,3,5,100.0,0,22,11,1,4,1,2,2,1,13,32,2,9
607,2,9,1,2650466,1176578,46,98,49,4,1,1,6,100.0,9,11,12,3,6,3,1,2,1,11,1,22,6
608,1,4,3,2606200,1201862,19,0,94,1,4,2,8,100.0,1,3,13,13,7,2,1,1,2,32,12,12,8
609,1,8,2,2697773,1228384,47,87,67,1,4,2,3,100.0,1,11,12,1,1,2,2,1,1,11,13,22,5
610,1,3,1,2653495,1239224,57,67,43,4,3,1,3,100.0,6,32,1,12,6,2,1,1,2,22,2,2,8
611,1,4,2,2607497,1151604,16,78,56,4,5,2,5,100.0,1,32,22,1,5,1,1,1,2,3,2,1,8
612,2,3,1,2684711,1193045,49,13,62,4,3,3,1,100.0,5,11,32,13,4,2,2,2,2,13,13,12,3
613,1,1,3,2679477,1235161,64,0,84,1,3,2,3,100.0,2,13,11,2,5,3,2,2,1,12,2,3,6
614,1,7,2,2614216,1178159,21,38,96,1,4,2,7,100.0,9,13,32,3,2,2,1,2,1,13,22,13,2
615,2,7,3,2668508,1163482,23,0,97,3,-99,2,2,100.0,7,2,13,32,1,3,1,2,2,1,11,22,3
616,1,9,1,2607652,1230612,40,58,43,1,2,3,9,100.0,3,12,13,3,2,3,1,1,2,12,22,2,4
617,1,5,3,2614855,1212205,66,0,1,2,5,3,7,100.0,7,11,11,22,2,1,2,1,1,32,13,13,2
618,2,6,2,2664076,1166990,68,19,87,2,2,2,0,100.0,8,32,12,13,0,2,2,1,1,13,11,2,8
619,1,9,2,2646094,1217261,38,53,10,3,2,1,1,100.0,9,12,2,22,7,3,2,2,2,12,12,1,6
620,2,2,3,2688330,1172203,18,0,90,2,2,1,4,100.0,2,1,32,12,5,3,1,1,2,32,3,1,1
621,2,5,2,2666175,1153060,17,87,3,4,-99,2,8,100.0,7,3,2,11,5,3,1,1,2,22,12,11,7
622,2,7,1,2674611,1233196,76,48,60,3,4,2,1,100.0,6,2,2,32,2,2,1,1,1,11,13,1,9
623,2,6,1,2666352,1162141,39,10,59,1,-99,2,0,100.0,5,1,3,13,4,1,2,2,2,3,12,22,2
624,1,4,2,2690204,1198342,13,70,9,2,1,2,9,100.0,4,13,32,13,8,3,2,2,2,2,1,2,1
625,1,1,3,2699974,1201070,65,0,97,4,5,3,7,100.0,0,1,3,11,7,2,1,2,1,22,1,1,3
626,2,4,2,2618999,1225314,77,15,61,1,2,1,9,100.0,5,32,11,2,7,1,1,2,2,32,2,2,7
627,1,4,3,2688471,1231796,21,0,8,4,4,1,5,100.0,0,22,11,11,9,3,1,1,2,3,2,3,6
628,2,9,2,2606517,1234414,75,95,56,3,1,2,5,100.0,7,13,1,11,6,3,1,2,1,13,13,11,0
629,2,1,2,2643961,1210551,13,3,1,2,-99,1,6,100.0,9,12,1,22,9,3,1,2,1,11,2,12,4
630,1,5,3,2662391,1165029,79,0,96,4,-99,3,9,100.0,0,11,22,1,2,2,1,1,1,3,2,32,3
631,2,3,1,2650259,1195803,36,55,88,2,3,2,2,100.0,2,2,22,12,8,1,2,2,1,1,22,13,8
632,1,9,3,2618423,1222492,85,0,1,2,1,3,1,100.0,7,11,13,32,8,3,1,1,2,22,32,11,1
633,2,3,2,2624643,1182618,34,28,91,4,-99,3,2,100.0,5,11,12,22,6,2,1,2,2,3,3,32,0
634,1,1,1,2605831,1152538,86,27,51,1,4,1,3,100.0,0,22,22,1,9,3,2,2,2,22,22,11,3
635,2,8,3,2623835,1192919,67,0,6,2,5,3,0,100.0,8,2,12,2,4,1,1,1,2,12,1,22,3
636,1,4,3,2604237,1170071,39,0,49,3,4,3,0,100.0,7,3,2,2,6,2,1,2,1,11,2,1,6
637,2,2,1,2621423,1206901,50,78,58,2,1,2,9,100.0,8,2,1,3,8,3,1,1,1,3,1,2,7
638,1,1,3,2677915,1240593,35,0,51,1,3,2,7,100.0,6,1,12,22,0,3,1,2,2,3,12,32,9
639,2,5,1,2677425,1219573,28,20,2,1,4,2,9,100.0,7,13,11,2,7,2,1,1,2,22,2,22,9
640,1,9,1,2662131,1201505,59,61,41,2,2,2,3,100.0,2,3,32,13,3,1,2,2,1,2,3,1,1
641,2,1,3,2661282,1191995,75,0,11,3,1,2,9,100.0,0,11,3,1,7,3,1,1,1,13,3,11,2
642,2,8,2,2616120,1171901,28,16,87,4,3,2,2,100.0,1,3,3,12,6,3,1,1,2,12,13,12,8
643,1,9,1,2629179,1195084,69,50,43,1,3,2,5,100.0,4,13,22,1,5,2,1,1,1,12,32,3,8
644,1,1,3,2634920,1211336,33,0,52,1,5,1,6,100.0,1,22,1,1,9,1,2,2,1,13,12,11,8
645,2,2,3,2636127,1220483,87,0,63,2,5,1,6,100.0,8,22,22,13,3,2,1,1,2,12,32,2,2
646,1,7,3,2682050,1209351,52,0,49,1,2,2,0,100.0,8,2,1,3,8,2,1,2,2,11,11,11,1
647,2,3,1,2636448,1238786,62,28,11,1,4,3,6,100.0,8,13,3,32,1,3,2,2,2,22,11,13,1
648,2,5,1,2632620,1231651,42,59,11,3,2,1,7,100.0,3,3,3,2,4,2,1,1,1,1,2,13,6
649,2,9,3,2642684,1205953,46,0,61,4,2,2,9,100.0,2,2,2,3,4,3,2,2,2,12,3,3,9
650,1,9,1,2673294,1228618,58,69,3,2,1,2,0,100.0,6,22,32,3,1,1,2,1,1,22,1,32,4
651,1,9,3,2607537,1175535,72,0,63,1,1,1,9,100.0,8,11,3,2,0,1,1,2,2,11,13,11,6
652,2,8,2,2624761,1232428,63,80,35,1,2,1,9,100.0,7,2,1,22,8,3,2,2,2,11,32,22,5
653,1,6,1,2660482,1244354,14,11,46,4,2,1,5,100.0,4,12,11,32,6,1,1,2,1,3,22,1,6
654,1,4,3,2629605,1168768,72,0,14,3,1,2,4,100.0,2,3,12,2,7,1,1,1,2,2,12,12,3
655,1,1,1,2638655,1174064,34,85,84,1,1,1,3,100.0,2,13,3,2,3,3,1,2,2,1,32,12,5
656,1,2,3,2641820,1230537,67,0,82,4,4,3,7,100.0,2,3,2,32,0,3,2,1,2,2,3,32,4
657,2,8,3,2697052,1209897,70,0,10,2,4,3,8,100.0,8,13,12,12,2,2,2,2,1,12,32,3,7
658,1,3,2,2685692,1237885,60,17,85,2,5,3,7,100.0,6,11,1,13,9,2,1,2,2,11,32,32,4
659,1,9,3,2687427,1163782,56,0,47,2,4,3,6,100.0,9,3,3,12,2,1,2,1,1,22,11,11,7
660,1,1,2,2616141,1218591,10,59,10,3,4,2,7,100.0,7,2,11,3,1,3,1,2,2,22,2,22,1
661,1,9,2,2651470,1171257,67,63,96,2,4,2,0,100.0,7,11,2,22,4,1,1,1,2,2,13,13,6
662,2,6,2,2660715,1173119,51,31,60,4,4,2,9,100.0,6,13,11,3,9,2,1,2,1,12,2,12,9
663,2,8,2,2607581,1177575,38,23,41,3,3,2,4,100.0,7,2,11,3,7,1,1,1,1,13,3,2,9
664,1,7,1,2656072,1150439,41,26,11,3,5,3,9,100.0,6,32,2,12,1,2,1,2,1,22,13,12,2
665,2,5,1,2682065,1168519,10,88,88,1,4,1,2,100.0,6,11,12,12,0,1,2,2,1,22,2,1,9
666,1,8,3,2661726,1226576,26,0,62,2,3,2,1,100.0,5,2,1,2,2,2,2,2,2,3,13,12,5
667,2,9,3,2651207,1182925,53,0,8,2,1,3,1,100.0,6,11,1,3,2,1,2,1,2,2,1,22,9
668,2,8,2,2630469,1180221,86,96,86,2,4,2,8,100.0,0,22,11,22,6,2,1,1,1,11,11,22,5
669,1,9,3,2680356,1160144,34,0,67,2,4,2,6,100.0,5,1,12,1,4,2,1,1,1,12,13,13,7
670,1,8,1,2688668,1181755,73,36,35,1,4,2,2,100.0,0,1,32,32,0,2,1,2,2,3,3,3,5
671,2,7,2,2689040,1157718,31,23,60,4,-99,3,8,100.0,9,1,1,3,7,3,1,2,1,3,13,1,0
672,1,2,1,2602342,1219552,56,41,43,2,2,3,2,100.0,1,2,2,32,8,3,2,2,1,3,11,1,1
673,1,5,2,2644604,1246395,32,96,56,4,-99,1,6,100.0,5,12,3,1,4,3,2,2,2,12,32,13,2
674,2,7,2,2649877,1154551,11,47,62,1,3,1,3,100.0,6,13,22,2,3,2,2,1,1,22,2,12,8
675,2,3,2,2672049,1203132,20,55,66,1,5,1,0,100.0,7,22,11,11,3,3,2,2,1,1,13,12,3
676,1,9,1,2698576,1246160,72,98,7,4,5,3,1,100.0,5,1,13,32,4,1,1,1,1,32,3,22,5
677,1,6,1,2674251,1226155,47,26,1,3,4,1,0,100.0,0,12,11,2,9,2,1,1,2,11,11,12,4
678,2,8,3,2694714,1201636,89,0,82,4,5,1,5,100.0,9,1,22,1,4,1,2,2,2,1,13,22,2
679,1,2,3,2690284,1173709,45,0,7,4,4,3,6,100.0,9,1,12,2,1,1,1,2,2,13,12,1,1
680,2,5,1,2693333,1201629,71,34,6,1,-99,3,2,100.0,6,11,13,13,0,2,1,2,1,13,3,12,8
681,2,7,1,2655919,1187484,36,100,97,1,1,2,4,100.0,2,12,22,3,2,2,1,1,1,3,32,22,8
682,2,6,2,2656453,1219728,58,80,69,2,1,2,8,100.0,9,22,12,1,9,3,1,1,1,2,3,2,4
683,2,8,1,2677176,1212234,36,5,41,2,1,2,2,100.0,3,22,2,22,2,1,2,1,1,12,3,11,9
684,2,8,1,2635873,1191224,10,25,93,4,2,2,0,100.0,1,12,1,32,1,2,2,2,1,13,3,1,0
685,1,2,3,2613230,1244515,42,0,82,1,3,3,7,100.0,6,22,32,22,3,2,2,2,2,11,32,3,4
686,2,3,1,2685357,1191339,48,81,95,3,1,2,5,100.0,2,13,2,1,7,3,1,2,2,11,1,32,9
687,2,2,1,2641491,1167652,15,66,90,2,4,3,5,100.0,0,22,32,22,1,2,2,1,1,1,1,32,6
688,1,3,3,2673579,1247006,61,0,62,1,-99,2,9,100.0,4,1,1,3,0,2,1,1,2,11,32,11,6
689,1,3,1,2652679,1179995,68,44,50,2,1,3,5,100.0,2,13,12,1,6,2,2,2,2,3,11,11,1
690,1,7,3,2602881,1199459,57,0,90,4,5,2,0,100.0,4,3,2,2,3,1,2,2,1,3,32,11,4
691,1,1,1,2606505,1213560,27,70,53,2,3,2,2,100.0,4,12,22,12,1,2,2,1,2,11,2,3,1
692,2,8,1,2655873,1182868,20,10,62,3,1,2,8,100.0,6,12,11,1,6,2,2,1,1,11,22,2,9
693,2,1,2,2684636,1152148,18,18,52,1,2,2,4,100.0,9,3,12,11,6,1,1,2,1,2,22,13,1
694,1,8,2,2684178,1152243,13,54,14,1,-99,1,9,100.0,9,32,1,13,1,1,1,2,2,1,1,2,6
695,2,2,3,2628878,1168912,43,0,55,2,1,2,5,100.0,6,13,1,12,4,1,1,2,2,1,13,3,8
696,2,8,2,2643870,1152872,46,47,6,4,3,1,5,100.0,7,2,1,3,1,3,2,1,2,22,32,3,7
697,1,4,2,2689230,1222275,22,88,69,3,2,3,4,100.0,7,13,11,22,6,3,1,2,2,12,22,22,2
698,2,4,1,2633073,1171317,62,8,65,4,1,2,6,100.0,5,2,3,11,5,2,1,1,1,11,2,32,6
699,1,5,3,2649972,1204062,89,0,10,1,2,3,4,100.0,7,11,11,11,7,2,1,2,1,22,11,13,4
700,2,4,2,2671379,1244225,30,2,89,4,2,1,7,100.0,1,12,32,1,1,2,1,1,2,32,13,12,7
701,1,6,2,2605950,1212154,62,5,45,2,-99,1,4,100.0,3,22,12,22,7,2,2,1,1,22,12,1,6
702,1,4,3,2632840,1213879,22,0,85,3,2,3,4,100.0,8,12,22,3,1,3,2,2,2,2,3,22,6
703,2,8,1,2679654,1181851,39,11,2,1,-99,2,4,100.0,1,22,22,12,9,2,1,1,1,22,32,2,7
704,2,9,2,2685463,1157024,24,73,2,3,1,1,9,100.0,7,12,22,32,9,1,2,2,1,13,2,3,4
705,1,9,2,2612165,1246446,53,35,87,4,4,2,0,100.0,3,13,11,12,4,1,2,2,2,12,1,1,8
706,1,1,3,2626871,1175783,64,0,4,1,2,2,3,100.0,5,22,11,32,1,2,1,2,2,1,13,2,2
707,2,7,1,2639172,1156280,34,24,87,1,3,3,6,100.0,4,32,2,2,8,2,2,1,1,3,11,11,6
708,1,2,3,2626273,1197884,22,0,10,4,-99,2,1,100.0,2,12,3,1,7,2,2,1,2,11,2,13,8
709,2,2,3,2682805,1169137,44,0,11,2,2,3,1,100.0,8,13,13,2,4,2,1,2,2,13,22,3,6
710,1,9,2,2606064,1161533,33,71,98,4,2,1,9,100.0,2,32,3,22,6,2,2,1,1,32,12,32,4
711,1,3,2,2695391,1235915,25,90,8,4,4,1,0,100.0,4,22,1,22,9,3,1,1,2,22,11,22,0
712,2,8,3,2647265,1157899,70,0,99,4,2,2,0,100.0,7,1,11,11,8,3,2,1,1,32,11,13,5
713,2,5,1,2689622,1176584,66,43,86,1,5,2,2,100.0,2,22,3,12,1,2,2,1,2,32,13,13,6
714,2,3,3,2600162,1188698,44,0,61,1,2,3,7,100.0,4,11,12,13,2,3,2,1,2,3,1,1,7
715,1,6,1,2646115,1154167,86,54,3,2,4,3,1,100.0,6,12,13,13,5,1,1,2,2,2,2,32,6
716,2,5,2,2678705,1163866,46,57,35,2,4,3,8,100.0,0,3,1,1,4,2,2,2,2,22,12,12,0
717,2,2,3,2627712,1155054,88,0,62,1,2,1,0,100.0,3,12,32,32,4,3,1,1,2,3,1,3,6
718,2,1,1,2636073,1164281,39,55,47,2,3,3,9,100.0,9,2,3,13,4,2,2,1,1,32,2,3,6
719,2,2,3,2609804,1198889,81,0,87,3,2,2,4,100.0,2,1,13,22,4,2,2,2,1,2,3,32,7
720,1,4,2,2667514,1249627,66,64,58,1,2,3,7,100.0,8,1,12,22,8,2,2,1,2,1,1,3,4
721,1,8,1,2677541,1173705,74,83,91,2,4,1,9,100.0,1,11,3,12,8,1,2,1,1,2,3,22,8
722,2,9,3,2612013,1155373,65,0,53,2,2,1,9,100.0,8,13,3,32,3,3,1,1,2,22,22,22,7
723,2,2,2,2651018,1151762,48,71,56,2,1,1,2,100.0,3,1,11,3,8,3,1,1,2,22,13,32,9
724,2,9,2,2667922,1217845,34,3,92,2,1,3,8,100.0,0,1,2,2,4,2,1,1,1,13,2,2,9
725,1,6,2,2672664,1236050,32,16,91,2,3,2,6,100.0,7,11,1,1,0,2,1,2,1,12,11,2,2
726,1,5,2,2635126,1201343,45,55,1,2,5,1,7,100.0,6,11,11,2,7,1,1,2,2,11,2,32,8
727,2,5,2,2691543,1163960,79,31,87,3,5,1,4,100.0,1,32,3,12,7,3,1,1,1,11,22,32,9
728,2,4,1,2607718,1246755,52,28,45,3,4,2,5,100.0,8,3,32,3,6,1,2,1,1,12,3,2,5
729,2,8,2,2642438,1209605,32,70,87,2,4,2,2,100.0,5,32,32,2,2,1,2,2,1,32,13,3,5
730,1,6,1,2617387,1169264,27,89,41,1,5,1,2,100.0,2,2,3,12,3,2,2,2,2,13,32,13,2
731,1,5,1,2671721,1231237,18,66,12,2,2,3,5,100.0,9,32,32,22,8,3,2,2,1,11,2,2,5
732,2,4,3,2622325,1170314,73,0,8,2,4,2,1,100.0,9,12,12,11,7,1,2,1,2,11,3,32,3
733,1,1,3,2638481,1177222,45,0,43,1,5,1,2,100.0,7,3,2,11,6,2,2,1,2,13,1,12,6
734,1,4,2,2609570,1153890,75,79,56,3,-99,1,9,100.0,1,32,3,13,5,2,1,2,2,22,2,1,7
735,1,7,2,2687158,1234204,40,52,50,2,3,3,2,100.0,5,32,22,32,0,2,2,1,1,13,1,13,4
736,1,2,2,2662849,1178164,78,86,5,2,1,3,9,100.0,4,3,32,3,0,3,1,2,2,12,1,12,6
737,2,2,2,2634856,1162071,75,68,52,3,-99,2,5,100.0,4,12,1,22,9,2,2,2,1,12,12,3,0
738,2,5,2,2688533,1154123,24,13,14,2,-99,3,7,100.0,4,22,2,3,7,2,2,1,1,13,2,32,2
739,1,8,1,2675442,1248706,19,19,61,4,1,1,6,100.0,9,11,13,22,2,1,2,2,2,12,32,3,3
740,1,6,1,2633274,1199940,67,11,3,3,4,2,7,100.0,2,11,3,2,0,1,2,2,2,11,11,11,8
741,1,7,1,2680886,1190906,30,23,1,1,1,3,0,100.0,4,22,1,12,8,1,2,2,1,2,3,1,3
742,1,3,2,2662870,1234071,29,42,14,4,2,3,4,100.0,2,11,22,2,3,1,2,1,2,22,22,2,4
743,2,2,1,2604206,1230097,72,78,7,3,2,1,8,100.0,6,3,32,13,6,2,2,2,2,22,2,1,0
744,1,7,1,2631982,1208221,11,27,10,4,1,2,5,100.0,0,1,32,3,0,1,2,2,2,22,1,1,8
745,1,5,2,2671756,1241743,79,91,35,3,3,1,9,100.0,4,3,12,32,8,2,1,1,1,1,22,32,3
746,1,2,1,2649146,1173175,21,13,4,3,1,2,3,100.0,3,12,13,2,3,1,2,2,2,3,2,2,4
747,2,2,1,2691090,1197278,22,40,50,1,5,2,0,100.0,1,3,2,13,2,3,1,1,1,2,2,12,1
748,2,9,1,2644146,1156941,57,88,12,1,1,2,9,100.0,8,12,32,3,8,1,2,1,1,12,1,2,9
749,1,8,3,2678920,1211183,60,0,86,3,4,3,3,100.0,3,13,11,32,9,2,2,2,2,2,3,11,7
750,2,4,2,2607674,1210900,40,82,66,2,2,1,9,100.0,8,12,22,3,8,1,2,2,1,13,12,1,0
751,1,1,2,2649275,1242358,39,79,50,2,1,1,4,100.0,2,12,12,13,1,1,2,1,1,22,12,32,7
752,1,2,3,2641225,1197585,27,0,13,2,1,2,2,100.0,9,13,2,3,9,1,2,1,2,13,32,32,4
753,1,9,2,2621765,1188565,49,90,67,1,5,2,9,100.0,5,32,12,3,6,1,1,1,1,11,22,1,4
754,2,5,2,2657855,1158050,41,48,91,1,2,3,5,100.0,3,1,11,11,2,3,2,2,1,3,12,3,4
755,2,5,1,2637268,1201792,88,40,66,1,1,2,4,100.0,6,22,3,1,3,3,1,2,2,12,1,22,2
756,2,7,2,2644358,1171953,77,8,94,4,3,3,5,100.0,5,32,32,2,2,3,1,2,2,1,32,13,3
757,1,3,1,2626977,1203927,26,11,87,1,3,2,0,100.0,1,1,3,2,8,1,2,1,1,11,22,2,5
758,1,5,1,2633710,1171494,85,3,91,4,3,2,5,100.0,0,32,1,32,1,1,1,1,1,2,1,2,4
759,2,5,1,2683994,1246996,12,54,86,3,3,3,8,100.0,8,11,3,2,1,1,1,1,2,3,12,22,7
760,1,3,2,2679345,1167730,43,83,85,3,3,1,4,100.0,5,32,13,32,7,3,1,1,1,1,13,1,7
761,2,1,3,2695303,1233713,42,0,85,1,3,2,2,100.0,8,12,2,1,2,1,1,1,2,3,2,13,4
762,1,2,2,2685483,1214723,30,9,49,3,-99,3,7,100.0,6,11,1,32,7,2,2,1,2,32,1,32,3
763,1,5,1,2660172,1151979,52,31,89,4,2,1,9,100.0,4,32,32,2,3,2,2,2,2,22,12,22,7
764,1,2,2,2634601,1165668,29,44,4,1,-99,1,7,100.0,7,12,22,2,5,2,1,2,2,11,12,2,4
765,2,2,1,2619511,1162209,47,39,87,3,2,3,6,100.0,3,22,2,1,8,3,2,1,2,13,2,32,2
766,1,6,2,2638065,1222078,84,19,4,2,2,1,5,100.0,8,32,3,12,5,2,1,2,1,3,1,2,2
767,1,9,3,2609829,1169825,60,0,68,4,3,2,9,100.0,7,22,22,12,5,2,2,1,1,32,12,13,2
768,2,3,3,2610032,1189888,18,0,3,4,1,2,8,100.0,7,13,13,11,8,1,1,2,1,11,1,13,4
769,1,7,2,2640217,1206311,78,67,45,4,1,1,9,100.0,3,3,2,32,8,2,2,1,1,22,11,12,8
770,1,9,2,2670207,1242106,15,56,61,3,3,2,9,100.0,7,1,13,1,7,3,2,1,2,13,3,3,5
771,1,8,1,2611829,1189524,30,92,65,4,3,1,7,100.0,5,2,1,12,7,2,1,2,2,11,3,2,0
772,1,8,2,2680875,1171943,65,96,89,3,2,1,9,100.0,9,11,2,12,9,1,2,2,2,2,22,12,5
773,2,7,1,2661041,1205639,19,45,82,4,-99,3,6,100.0,2,32,11,32,9,3,2,2,1,12,3,2,4
774,1,2,2,2607187,1188514,59,10,93,4,1,3,4,100.0,9,3,22,12,5,3,1,2,2,13,1,12,8
775,2,5,3,2625632,1213238,37,0,88,4,3,2,2,100.0,2,32,11,2,2,2,2,2,1,12,1,12,9
776,1,2,2,2681917,1228243,63,63,60,3,-99,3,1,100.0,2,2,22,1,9,2,2,1,2,22,2,32,5
777,1,1,2,2692314,1234297,10,85,58,1,5,3,7,100.0,9,3,12,32,2,2,1,1,2,12,1,22,5
778,2,2,2,2639402,1234926,34,93,93,1,3,1,2,100.0,1,1,13,3,9,3,2,2,1,1,3,3,8
779,1,8,2,2695869,1167480,53,63,46,4,-99,2,4,100.0,2,12,2,11,1,1,2,2,2,22,3,32,1
780,2,1,3,2667235,1234852,48,0,41,1,4,3,1,100.0,6,13,11,3,6,3,2,1,2,13,32,11,5
781,1,5,3,2611384,1239009,26,0,88,4,-99,3,6,100.0,3,32,13,11,7,1,2,2,2,3,1,32,4
782,2,9,1,2653026,1240384,55,76,65,2,2,3,9,100.0,2,11,2,1,9,3,1,1,1,1,11,12,1
783,1,6,3,2675353,1225366,45,0,68,4,5,1,5,100.0,9,2,3,2,9,3,2,2,1,13,22,32,4
784,1,5,3,2672740,1158635,65,0,1,2,-99,1,7,100.0,8,11,22,13,6,2,1,2,2,1,22,22,4
785,2,4,3,2678794,1182869,11,0,97,3,5,1,3,100.0,9,2,12,12,7,3,1,2,2,3,11,3,2
786,1,5,1,2686854,1205904,35,57,62,3,4,1,3,100.0,0,12,2,1,8,1,1,2,1,22,13,12,4
787,1,5,1,2601087,1201981,86,84,13,4,2,1,4,100.0,0,32,32,1,9,3,2,2,2,11,22,11,6
788,2,7,3,2685986,1233049,32,0,47,4,5,1,4,100.0,3,32,3,3,4,3,1,1,2,2,32,1,9
789,2,4,2,2628793,1246743,56,33,10,4,-99,2,1,100.0,2,1,13,22,9,1,1,1,1,2,13,22,8
790,1,5,3,2688656,1153724,38,0,87,2,1,1,5,100.0,3,1,2,1,2,3,2,1,2,22,11,2,1
791,1,2,3,2647996,1177441,82,0,7,3,2,1,7,100.0,5,22,11,32,1,1,2,1,1,22,22,22,2
792,2,8,1,2667792,1196593,18,20,59,4,-99,3,3,100.0,7,2,32,13,6,2,1,2,2,1,32,1,9
793,2,8,2,2617267,1202997,62,48,61,2,5,1,2,100.0,3,3,2,12,8,1,2,2,2,3,32,22,4
794,1,4,3,2607105,1221329,14,0,84,3,4,3,2,100.0,9,1,11,11,5,1,2,1,2,1,12,22,1
795,1,3,1,2654945,1186167,52,15,61,2,3,2,6,100.0,4,13,3,32,2,1,2,1,1,12,1,13,9
796,2,1,1,2645252,1167055,77,80,92,3,-99,3,4,100.0,0,1,13,22,5,1,1,1,1,22,13,22,2
797,2,4,2,2672101,1247337,57,97,35,4,1,3,2,100.0,5,12,13,12,7,1,1,2,2,11,11,22,8
798,1,3,3,2644996,1174487,48,0,90,1,2,1,3,100.0,2,22,2,11,5,1,1,1,2,22,22,11,2
799,1,5,3,2620130,1222484,75,0,95,2,3,1,5,100.0,8,3,13,3,8,3,1,1,1,22,22,2,7
800,2,3,3,2650451,1242139,72,0,55,1,4,2,0,100.0,5,2,11,1,1,2,2,1,1,1,1,32,2
801,2,4,3,2638855,1172446,26,0,41,4,5,1,6,100.0,4,32,2,3,5,1,1,1,1,22,11,13,1
802,1,5,3,2647063,1186931,89,0,58,3,2,2,4,100.0,2,1,3,22,2,1,2,2,1,11,1,32,8
803,1,3,2,2611972,1238254,86,64,62,3,3,2,6,100.0,0,11,13,11,1,1,2,2,1,11,11,22,8
804,1,7,1,2634714,1233099,89,38,52,2,2,3,3,100.0,0,13,2,11,9,3,1,2,2,3,11,3,5
805,1,9,3,2694424,1224707,38,0,95,4,4,2,4,100.0,2,1,11,11,2,3,1,2,1,32,1,3,0
806,1,6,3,2697713,1154180,14,0,45,2,3,3,6,100.0,0,1,3,11,5,3,2,2,2,12,22,13,8
807,2,8,2,2673167,1173808,72,41,90,1,5,3,6,100.0,3,13,22,11,2,1,1,2,2,1,32,22,3
808,1,1,1,2638468,1207617,67,32,84,1,2,3,4,100.0,6,12,22,13,4,3,2,1,2,22,2,22,8
809,1,3,1,2668350,1219964,76,17,68,2,5,1,0,100.0,1,2,11,11,6,3,2,2,2,2,22,3,2
810,1,9,3,2686644,1164644,87,0,93,2,1,3,5,100.0,5,1,11,11,2,1,1,2,1,3,12,11,7
811,1,3,2,2651222,1225743,23,64,61,1,1,2,4,100.0,5,1,1,22,5,3,1,2,1,22,1,12,1
812,1,9,1,2673460,1224367,67,26,5,2,5,3,3,100.0,2,12,13,3,7,1,2,1,2,22,12,22,0
813,1,7,2,2690342,1235450,34,5,85,3,1,3,8,100.0,2,22,32,1,3,1,2,2,2,3,3,12,8
814,2,2,3,2678638,1170539,85,0,62,4,4,1,1,100.0,0,13,13,2,1,1,2,2,2,22,11,2,0
815,2,4,3,2600303,1171318,54,0,13,4,2,2,9,100.0,3,11,3,22,3,1,1,1,1,11,22,11,7
816,1,8,3,2615445,1235605,78,0,49,4,2,3,3,100.0,0,11,1,12,7,2,1,2,2,12,2,3,1
817,1,5,3,2699660,1232411,13,0,87,2,-99,1,9,100.0,9,32,2,1,0,1,1,1,2,12,1,32,5
818,1,3,1,2658676,1196486,66,18,4,4,5,2,2,100.0,1,3,32,22,6,3,1,1,1,2,32,1,1
819,2,7,2,2693912,1161672,24,69,45,2,3,3,2,100.0,1,1,2,12,2,1,1,1,2,13,11,22,1
820,1,1,2,2652435,1189224,88,82,42,2,4,3,7,100.0,9,12,12,22,3,2,1,1,2,13,2,1,6
821,2,6,2,2625241,1156703,63,56,7,3,4,2,0,100.0,7,3,13,32,3,1,2,2,1,11,32,1,6
822,2,7,1,2637735,1230625,71,36,6,4,1,2,8,100.0,6,13,11,11,9,1,1,2,1,32,1,11,1
823,2,2,1,2681900,1229409,40,49,52,1,3,3,1,100.0,5,22,3,11,4,1,2,2,1,22,32,1,0
824,1,7,3,2664090,1246812,54,0,69,3,2,2,0,100.0,6,22,22,1,0,1,1,2,2,12,11,2,8
825,1,3,1,2670015,1180984,84,50,53,4,4,2,8,100.0,1,11,12,32,5,2,2,1,1,11,11,13,0
826,1,4,3,2625226,1204462,85,0,4,2,2,3,5,100.0,5,1,2,1,5,1,1,1,2,32,11,22,7
827,2,6,3,2620341,1198024,44,0,56,2,1,3,0,100.0,7,12,11,32,1,1,1,2,1,32,3,11,4
828,1,5,3,2695562,1209451,61,0,86,4,2,3,9,100.0,8,12,32,3,5,3,2,1,1,12,22,13,0
829,2,1,1,2682432,1183488,24,16,98,1,1,3,6,100.0,5,32,2,11,7,3,2,2,2,13,2,2,5
830,2,3,1,2603952,1168813,36,77,65,4,2,2,1,100.0,4,13,2,11,2,2,1,1,1,22,13,12,5
831,2,7,1,2678581,1187683,78,69,98,2,5,2,9,100.0,2,32,3,1,8,1,2,1,2,32,32,2,6
832,2,3,2,2637697,1180130,82,36,82,3,4,3,3,100.0,4,13,2,22,6,2,2,1,1,11,11,13,4
833,1,5,3,2694891,1207736,46,0,61,1,2,2,4,100.0,3,2,13,12,7,3,2,2,1,22,13,11,9
834,1,3,2,2636282,1166608,42,9,68,3,4,1,7,100.0,8,12,3,22,6,2,1,2,2,2,2,3,3
835,1,4,1,2603765,1229323,73,84,99,1,3,3,9,100.0,8,1,12,2,2,2,2,2,2,22,13,32,5
836,1,7,3,2672629,1220191,44,0,92,4,1,2,0,100.0,1,32,13,11,3,3,2,1,2,11,11,2,0
837,2,3,1,2695048,1222233,74,61,49,1,1,1,2,100.0,9,11,2,1,6,3,1,2,2,13,13,12,2
838,1,5,2,2640431,1199844,67,52,13,4,-99,2,2,100.0,6,3,2,12,8,1,1,1,2,2,32,13,3
839,2,4,2,2631210,1175121,69,28,97,1,-99,1,1,100.0,5,12,1,22,1,3,1,2,1,3,2,32,1
840,1,2,1,2644308,1227310,17,22,2,3,5,1,5,100.0,3,3,2,2,1,3,2,2,2,22,32,1,7
841,2,7,2,2671811,1193214,14,68,58,1,4,2,2,100.0,7,13,1,11,2,2,1,1,2,2,12,3,8
842,1,2,2,2694248,1188883,33,97,65,1,3,1,8,100.0,6,12,1,13,8,1,1,2,2,12,1,22,7
843,1,6,3,2692301,1191621,74,0,86,1,1,1,0,100.0,5,32,2,13,1,2,1,2,1,1,3,2,8
844,1,2,1,2686537,1201529,21,92,84,2,-99,2,2,100.0,7,13,22,13,4,2,1,1,1,11,11,11,2
845,1,4,2,2651052,1219999,26,94,42,4,1,2,1,100.0,3,11,12,11,8,1,2,2,2,32,3,12,3
846,2,5,1,2612731,1215034,40,1,46,4,4,3,3,100.0,5,13,13,1,4,2,1,2,1,12,11,1,7
847,1,3,3,2628454,1212634,71,0,82,4,5,2,7,100.0,9,3,12,12,3,3,1,1,2,11,32,11,9
848,1,4,2,2619279,1168600,60,99,2,2,3,1,4,100.0,3,12,1,13,9,2,2,1,2,3,22,32,5
849,2,1,2,2634185,1223865,26,49,35,4,5,3,4,100.0,4,1,1,1,8,2,2,1,1,22,11,32,8
850,1,7,3,2663100,1152844,62,0,9,4,4,2,6,100.0,7,12,3,2,6,3,1,1,2,3,2,11,0
851,1,8,2,2688079,1162338,14,69,98,3,1,2,6,100.0,6,11,13,12,8,2,1,2,2,3,3,11,3
852,1,5,1,2665009,1161287,45,86,84,2,3,3,4,100.0,7,32,22,3,2,3,2,1,2,1,2,3,7
853,2,7,1,2665457,1201063,58,67,50,3,4,3,9,100.0,1,11,12,13,4,3,2,2,2,13,2,13,8
854,1,6,1,2614545,1201768,48,63,4,2,-99,1,5,100.0,0,3,2,13,6,1,2,1,2,3,32,1,6
855,1,5,1,2666251,1168063,81,31,69,3,1,3,5,100.0,4,2,1,12,6,2,2,1,2,13,2,2,7
856,2,4,1,2620649,1230649,71,83,94,2,3,1,4,100.0,2,12,3,22,8,3,2,1,2,11,13,11,2
857,1,1,3,2629365,1211981,72,0,14,2,2,2,7,100.0,0,22,12,1,3,2,1,1,1,12,22,11,2
858,2,1,1,2667698,1240953,10,96,69,2,5,2,0,100.0,6,13,22,1,1,1,1,2,2,11,1,32,8
859,1,1,1,2624616,1239064,31,57,49,1,5,1,3,100.0,4,11,32,2,3,2,2,1,2,22,12,3,2
860,2,5,3,2665841,1167798,43,0,61,1,4,3,7,100.0,7,3,22,2,8,1,2,2,2,1,12,13,7
861,1,9,2,2666750,1209190,84,31,65,3,5,2,8,100.0,9,12,3,11,1,3,1,2,2,1,22,22,4
862,1,7,3,2631330,1226917,62,0,5,1,3,1,1,100.0,1,2,3,3,5,1,2,1,1,13,1,22,7
863,2,4,2,2614228,1208679,24,16,14,3,5,3,9,100.0,0,22,22,13,0,1,2,2,1,3,11,13,7
864,1,5,3,2618420,1169501,81,0,86,2,1,1,4,100.0,2,3,1,1,5,3,1,2,2,32,11,12,0
865,2,7,1,2679159,1198310,46,12,60,1,2,2,4,100.0,6,32,11,2,2,2,2,2,1,13,12,1,2
866,2,4,1,2699498,1174150,41,79,3,1,-99,1,2,100.0,0,13,1,11,5,1,2,2,1,11,22,11,7
867,1,9,3,2682085,1200498,15,0,89,4,5,2,2,100.0,7,32,32,13,8,3,1,2,2,32,13,32,7
868,2,7,3,2659825,1229728,54,0,46,1,5,2,5,100.0,6,32,32,11,4,3,1,1,1,32,3,22,9
869,2,8,2,2607415,1195941,29,29,3,3,1,1,9,100.0,5,32,3,22,0,2,2,1,1,22,3,13,9
870,1,6,2,2682206,1228744,62,13,53,3,-99,3,9,100.0,5,13,2,22,6,2,2,1,1,11,3,22,8
871,2,7,1,2679580,1192956,59,1,41,3,-99,1,1,100.0,3,22,13,22,5,3,2,1,1,32,22,12,8
872,1,7,2,2663255,1165851,40,94,10,3,-99,2,5,100.0,1,2,32,2,7,2,2,1,2,32,13,13,2
873,2,2,2,2603098,1186640,23,80,61,1,-99,3,6,100.0,3,3,13,11,7,2,2,1,1,11,12,3,5
874,1,9,1,2619415,1235973,87,83,68,4,-99,1,3,100.0,9,22,2,1,9,1,1,1,2,2,3,2,6
875,2,6,3,2621355,1208097,59,0,42,3,4,1,3,100.0,9,1,2,32,6,1,1,2,1,32,22,2,4
876,2,7,2,2663040,1173012,12,15,43,4,5,2,3,100.0,1,32,2,2,2,3,1,2,1,2,12,11,8
877,2,4,2,2642444,1240966,74,78,41,3,5,2,8,100.0,6,11,13,22,3,3,2,2,1,32,2,3,4
878,1,2,1,2657236,1241831,11,61,66,4,2,3,5,100.0,0,22,32,3,6,2,1,2,1,2,1,1,0
879,1,1,2,2695335,1214237,54,83,9,4,4,1,3,100.0,1,1,1,3,6,1,2,2,1,12,1,32,8
880,2,1,1,2634435,1170267,51,80,90,4,5,2,7,100.0,9,11,2,11,2,1,2,2,1,12,3,11,7
881,1,8,3,2645674,1206882,15,0,64,1,-99,1,1,100.0,4,12,1,3,2,3,2,2,2,1,32,12,9
882,2,3,3,2697192,1241592,65,0,12,4,5,3,4,100.0,5,32,2,12,3,1,1,2,1,32,12,3,8
883,2,8,2,2622807,1228739,50,7,4,4,3,1,0,100.0,4,2,2,22,7,1,1,2,1,32,12,3,4
884,2,7,3,2603041,1173151,62,0,5,4,5,3,1,100.0,1,13,13,2,5,2,1,1,1,2,11,13,7
885,2,4,1,2634402,1214791,58,10,6,3,3,2,3,100.0,1,3,22,32,1,2,2,2,1,32,3,2,6
886,1,1,3,2685672,1186571,88,0,87,1,1,2,0,100.0,3,13,3,2,8,3,2,1,2,2,13,32,0
887,1,9,3,2623647,1248389,51,0,64,1,3,3,0,100.0,2,11,22,13,7,2,2,2,1,13,22,3,7
888,1,6,3,2650911,1157770,54,0,10,3,-99,3,1,100.0,9,11,11,3,0,2,1,1,2,11,32,2,7
889,2,4,3,2671056,1191130,34,0,41,4,3,1,9,100.0,4,32,22,32,1,3,1,2,2,3,2,12,1
890,1,3,3,2637043,1225025,30,0,47,4,-99,1,2,100.0,6,3,11,22,9,2,2,2,2,1,1,1,6
891,1,7,3,2681264,1157573,72,0,94,2,5,1,0,100.0,5,22,22,13,3,2,1,1,1,3,12,1,2
892,2,1,2,2600282,1200305,80,28,45,3,1,2,4,100.0,1,2,2,13,1,1,1,2,2,2,1,13,2
893,1,3,1,2659757,1225774,15,41,2,3,-99,2,9,100.0,2,3,11,13,2,2,1,2,2,3,13,12,9
894,2,1,2,2645645,1210620,65,83,62,1,-99,2,2,100.0,8,32,32,12,4,2,1,2,1,1,3,13,9
895,1,9,2,2601063,1155115,32,38,52,4,-99,1,3,100.0,6,2,11,3,4,1,1,2,1,11,2,2,7
896,1,6,3,2650207,1217105,62,0,96,2,2,3,5,100.0,5,2,11,1,0,2,2,1,1,3,32,11,3
897,1,1,2,2647651,1248804,72,79,84,4,2,3,3,100.0,9,13,2,1,2,2,2,2,1,22,13,3,6
898,2,6,1,2682250,1209318,20,85,69,3,2,3,4,100.0,1,13,32,1,1,3,1,1,2,32,2,3,5
899,2,8,3,2632018,1214570,14,0,58,3,-99,3,4,100.0,9,1,13,11,6,2,1,1,2,1,11,2,4
900,1,9,2,2600267,1163488,18,41,42,4,4,3,0,100.0,3,13,22,3,5,2,2,2,2,13,32,11,8
901,1,3,1,2645103,1186305,81,66,64,1,2,2,2,100.0,2,13,32,3,3,3,2,1,1,12,1,13,9
902,2,7,2,2680838,1234283,25,92,69,4,2,1,3,100.0,2,1,22,3,9,2,1,1,1,1,32,1,5
903,2,8,3,2666103,1212108,17,0,42,2,4,1,2,100.0,3,11,2,12,2,2,1,2,2,22,11,2,5
904,1,8,3,2635681,1187724,40,0,92,4,2,2,1,100.0,1,32,1,1,6,3,1,1,2,12,22,22,8
905,1,9,1,2677943,1155263,89,53,56,2,1,2,1,100.0,3,1,3,1,8,3,2,2,1,13,12,2,0
906,2,8,2,2602768,1155285,75,60,88,4,2,3,4,100.0,4,13,12,32,4,2,1,1,1,12,12,2,9
907,1,2,2,2613511,1241933,59,7,41,3,4,3,6,100.0,2,1,1,32,2,3,1,2,1,32,11,11,0
908,1,8,1,2610459,1232566,57,97,58,4,-99,1,0,100.0,8,2,11,22,9,3,2,2,1,13,3,3,4
909,2,7,3,2689085,1187539,24,0,8,3,5,3,5,100.0,6,32,2,13,9,1,2,1,1,22,11,12,2
910,2,1,2,2639609,1201238,58,94,46,3,-99,1,1,100.0,0,22,1,11,8,3,2,1,1,2,3,32,3
911,2,1,2,2652864,1227235,34,99,93,2,2,1,9,100.0,7,1,1,13,0,1,2,1,2,3,13,32,6
912,1,6,1,2653399,1225392,73,53,85,2,1,1,1,100.0,7,2,1,3,0,3,1,1,1,12,13,1,7
913,1,9,2,2637940,1180357,39,55,50,4,2,3,1,100.0,7,32,13,13,7,1,1,1,2,13,11,3,1
914,2,3,3,2601213,1191500,17,0,13,4,2,2,9,100.0,0,1,12,11,0,1,1,1,2,32,2,11,5
915,1,5,3,2679664,1177741,54,0,6,1,4,2,0,100.0,4,3,12,32,6,1,2,1,2,22,12,11,9
916,1,2,1,2619504,1154451,43,54,58,4,1,3,5,100.0,1,22,12,1,3,3,2,1,2,3,12,1,2
917,2,8,2,2633881,1160704,54,36,2,1,-99,3,4,100.0,0,13,22,32,6,2,2,2,2,13,13,13,4
918,1,8,3,2661423,1173029,77,0,99,3,1,1,1,100.0,9,11,2,12,5,3,2,2,1,13,12,12,0
919,2,7,3,2689205,1230582,87,0,49,2,5,3,4,100.0,2,11,3,1,1,1,1,1,2,1,13,11,4
920,1,6,2,2666864,1212623,75,23,1,3,4,2,8,100.0,1,2,1,13,9,3,2,1,2,13,2,13,7
921,1,7,3,2628530,1177759,53,0,60,2,2,1,4,100.0,8,11,2,22,7,2,2,2,2,32,12,32,3
922,2,3,1,2651390,1192076,14,96,64,2,-99,3,8,100.0,1,3,32,11,0,2,2,2,1,11,1,3,8
923,1,7,1,2666737,1169659,25,92,41,1,1,1,9,100.0,3,2,32,13,5,1,2,1,2,1,11,32,9
924,2,2,2,2613049,1159634,14,49,55,3,4,3,2,100.0,1,1,1,3,9,2,1,2,2,32,32,13,6
925,1,8,3,2689698,1193807,45,0,50,2,-99,2,5,100.0,9,3,22,11,9,1,1,2,1,1,12,2,5
926,1,4,2,2665174,1180249,73,40,14,2,-99,2,7,100.0,5,2,2,3,3,1,1,2,2,22,2,13,0
927,2,9,1,2634812,1190032,12,77,43,4,4,2,0,100.0,2,22,32,13,9,1,2,1,1,13,13,12,1
928,2,9,3,2639789,1166885,50,0,68,1,2,2,9,100.0,8,11,12,12,9,2,1,2,1,3,2,11,2
929,1,2,2,2600338,1221265,13,30,1,4,2,2,7,100.0,0,22,32,1,5,3,2,2,2,12,2,12,4
930,2,8,2,2693908,1234877,55,12,8,2,4,3,5,100.0,9,32,11,2,2,1,2,2,2,2,22,32,5
931,2,8,2,2621999,1173090,69,44,89,4,5,1,8,100.0,9,12,32,2,2,2,1,2,1,32,13,12,0
932,2,9,1,2663649,1206676,21,45,67,1,-99,1,6,100.0,2,22,22,32,6,2,1,1,1,13,13,2,0
933,2,3,3,2694663,1199611,15,0,13,3,4,2,6,100.0,9,22,3,12,1,3,1,1,1,11,3,1,3
934,2,7,1,2686556,1163203,24,41,96,3,2,3,2,100.0,7,13,2,12,3,1,2,1,1,22,1,22,5
935,2,8,1,2695339,1241691,16,90,93,2,4,3,2,100.0,4,12,22,3,5,1,2,1,1,22,32,11,4
936,2,3,3,2611506,1169644,76,0,65,2,1,3,8,100.0,3,2,32,3,0,1,1,2,1,12,2,32,0
937,2,2,1,2682367,1164411,26,74,1,4,5,2,2,100.0,4,2,13,13,1,3,1,1,1,1,2,32,0
938,2,8,2,2675696,1187804,18,1,50,1,-99,1,3,100.0,2,3,3,2,2,2,1,2,2,2,13,22,3
939,1,9,3,2654821,1203065,29,0,50,3,2,2,9,100.0,2,2,1,1,8,2,1,2,2,11,22,1,3
940,1,7,3,2641141,1180633,62,0,5,1,3,3,6,100.0,1,11,3,12,8,2,2,1,1,32,1,2,3
941,2,9,3,2625932,1186854,61,0,56,3,-99,3,1,100.0,2,2,12,1,2,3,2,2,1,22,22,12,3
942,2,7,3,2632934,1215485,50,0,84,2,4,1,7,100.0,6,1,1,32,8,2,2,1,2,11,22,11,7
943,1,9,3,2685395,1247560,31,0,42,1,-99,3,6,100.0,6,11,11,13,2,2,1,1,2,12,13,11,5
944,1,8,1,2619849,1233414,43,45,12,4,-99,3,1,100.0,7,3,11,11,5,2,1,1,1,22,1,11,9
945,2,6,3,2627570,1154914,17,0,67,2,5,1,4,100.0,3,32,1,13,6,3,2,1,2,12,3,2,9
946,1,4,3,2642390,1176167,81,0,94,3,4,1,4,100.0,2,2,13,2,4,2,2,1,1,13,13,2,8
947,2,8,1,2677127,1156282,20,41,53,3,5,3,0,100.0,7,22,1,13,7,2,2,2,1,3,12,13,9
948,1,2,3,2601940,1234509,75,0,99,1,2,1,0,100.0,4,12,13,11,7,1,1,2,1,32,22,13,1
949,2,7,2,2601232,1205989,74,88,89,3,1,1,5,100.0,9,1,12,2,3,1,1,2,2,1,12,3,3
950,2,3,2,2628140,1233964,52,26,58,3,3,1,0,100.0,2,22,22,3,8,1,2,2,1,22,11,22,7
951,1,8,3,2626956,1161498,25,0,87,1,5,1,6,100.0,0,32,13,12,2,1,1,2,1,32,22,11,6
952,1,4,1,2676271,1182575,25,16,87,3,4,2,9,100.0,1,3,3,11,4,2,2,2,2,12,12,12,1
953,2,3,1,2617051,1239541,71,67,59,1,2,1,9,100.0,2,11,11,2,1,1,1,2,2,32,13,11,6
954,2,8,2,2622921,1171542,11,90,87,1,3,3,8,100.0,6,11,22,12,4,1,2,1,2,32,22,32,8
955,1,8,1,2631846,1171130,29,84,87,3,3,2,1,100.0,5,2,11,1,7,1,2,1,1,32,32,13,3
956,2,5,1,2678266,1185718,10,1,2,1,4,3,7,100.0,7,32,22,32,3,2,1,2,1,3,12,3,2
957,1,6,1,2686600,1224720,60,100,56,3,2,2,0,100.0,6,11,2,32,6,3,2,2,1,1,3,22,5
958,2,7,2,2657693,1236754,18,62,53,1,2,3,2,100.0,5,11,12,11,2,1,2,2,1,22,11,2,6
959,2,3,1,2611548,1234777,10,54,91,4,2,2,5,100.0,5,32,32,12,2,2,2,1,1,13,2,2,4
960,2,3,3,2618017,1228122,81,0,61,3,1,2,2,100.0,4,3,12,32,5,3,2,1,2,13,3,1,1
961,1,8,3,2665090,1248091,45,0,13,4,3,2,6,100.0,2,2,2,22,7,2,2,1,2,13,12,13,0
962,1,1,3,2656905,1231465,76,0,90,2,-99,3,8,100.0,2,13,11,1,2,2,2,1,1,1,1,3,4
963,1,8,3,2627045,1178497,37,0,64,1,5,1,3,100.0,5,13,11,11,0,1,2,2,1,22,12,2,5
964,1,6,3,2662723,1185655,42,0,8,2,3,1,2,100.0,8,11,32,2,6,1,1,2,2,2,12,22,0
965,2,1,2,2615758,1212500,64,6,47,2,2,1,9,100.0,2,32,3,3,0,1,1,1,1,13,32,12,5
966,2,7,2,2628109,1229192,40,63,6,4,1,1,3,100.0,1,12,22,32,3,2,2,1,1,3,1,22,1
967,2,6,2,2607670,1201675,10,56,58,1,4,2,7,100.0,4,12,13,12,9,1,2,2,1,3,12,32,9
968,1,2,1,2610546,1244324,16,42,47,4,-99,1,0,100.0,4,32,22,13,0,3,2,1,1,11,1,2,0
969,2,6,2,2658657,1187807,85,30,86,3,1,1,0,100.0,8,32,22,32,2,1,2,2,2,1,1,13,7
970,2,9,3,2617717,1227725,49,0,69,2,1,2,7,100.0,1,3,11,13,5,3,2,2,2,32,3,32,9
971,2,3,1,2690203,1175410,81,73,59,2,1,3,9,100.0,0,22,13,32,9,2,1,2,2,2,1,12,0
972,2,5,2,2657681,1210598,11,94,63,4,-99,3,3,100.0,9,22,22,1,9,3,2,2,2,22,12,22,9
973,2,1,1,2693379,1229505,10,40,62,2,4,1,4,100.0,1,32,32,12,2,2,2,2,1,1,11,22,0
974,2,3,1,2620952,1235137,10,68,97,3,2,2,5,100.0,2,1,32,32,6,1,1,1,2,1,22,1,4
975,1,9,1,2640419,1234787,13,38,51,3,5,3,9,100.0,3,12,12,3,0,3,2,1,2,22,13,12,4
976,1,8,2,2642271,1178369,42,35,91,1,5,1,1,100.0,4,13,22,3,6,1,2,1,1,2,1,3,2
977,2,5,3,2674434,1216732,85,0,53,2,1,3,1,100.0,7,1,12,11,4,1,1,2,1,12,1,12,0
978,1,4,1,2665488,1232193,64,11,45,3,5,3,9,100.0,8,1,22,22,8,3,1,2,1,12,12,22,9
979,1,2,2,2659749,1191225,36,49,56,2,1,1,3,100.0,5,1,22,12,7,1,1,2,2,32,22,11,4
980,2,1,2,2628772,1178315,41,68,60,2,5,1,2,100.0,6,22,2,11,1,3,1,2,1,12,32,12,6
981,2,8,2,2638623,1174488,88,94,47,1,3,2,3,100.0,2,12,22,1,6,1,1,1,2,22,11,3,5
982,1,2,1,2651565,1237595,12,85,88,4,1,1,2,100.0,6,1,32,13,1,1,2,2,1,2,11,22,6
983,1,2,1,2642281,1240568,37,22,41,1,5,2,0,100.0,4,11,3,32,3,3,2,1,1,1,3,32,9
984,2,7,1,2643018,1197431,56,86,55,3,-99,1,1,100.0,0,1,12,2,4,1,1,1,2,13,22,2,7
985,2,8,3,2629253,1155023,78,0,66,1,2,2,1,100.0,3,2,22,1,0,2,2,2,1,2,11,2,3
986,1,8,3,2688027,1172476,56,0,69,1,4,2,0,100.0,1,13,32,11,3,3,1,2,1,12,11,13,4
987,1,7,2,2617516,1199871,12,52,4,2,3,1,4,100.0,0,13,32,2,6,1,1,2,1,3,12,1,1
988,2,5,2,2626294,1217222,23,75,60,2,4,1,1,100.0,5,1,12,11,0,3,2,2,2,22,32,12,0
989,1,7,1,2614254,1220415,29,56,88,4,2,2,7,100.0,6,13,2,13,2,1,1,2,2,1,1,3,4
990,2,2,3,2632111,1226915,23,0,93,3,1,1,4,100.0,4,11,12,32,1,2,2,1,2,12,32,11,2
991,1,3,3,2693327,1200462,65,0,93,1,1,1,1,100.0,8,11,22,11,2,3,1,2,2,3,2,3,3
992,1,7,1,2669993,1158109,26,14,49,1,1,3,3,100.0,5,13,12,11,1,2,2,1,2,3,2,13,2
993,2,6,1,2698479,1210780,84,85,42,3,3,2,4,100.0,1,3,12,32,2,2,2,2,2,32,32,11,8
994,1,2,3,2640932,1196618,80,0,58,2,3,1,7,100.0,4,2,2,11,5,2,1,2,1,11,13,13,5
995,2,5,1,2643171,1200276,65,91,8,1,-99,2,2,100.0,6,22,3,13,5,1,1,2,2,2,22,32,6
996,2,5,1,2667275,1220360,64,95,49,2,3,3,9,100.0,9,32,32,1,6,1,2,1,1,13,32,3,0
997,1,2,3,2696282,1156120,62,0,82,3,-99,2,6,100.0,1,32,32,2,0,3,2,2,1,3,3,2,4
998,1,7,3,2672541,1188714,21,0,90,3,1,3,8,100.0,6,32,2,32,8,2,1,2,1,32,11,22,4
999,1,3,2,2646233,1194049,64,92,10,3,1,2,5,100.0,6,32,32,3,8,3,2,2,1,13,22,13,4
